,Component_1 (11.504%),Component_2 (2.819%),Component_3 (4.789%),Component_4 (2.909%),Component_5 (2.246%),Component_6 (4.423%),Component_7 (2.170%),Component_8 (1.442%),Component_9 (2.366%)
sum_0,0.043,0.02,-0.02,0.008,-0.028,-0.023,0.002,-0.022,-0.052
sum_1,-0.003,-0.007,-0.053,0.014,-0.014,-0.002,0.025,-0.038,-0.029
sum_2,0.019,-0.01,-0.024,-0.01,-0.024,-0.005,-0.062,0.014,-0.017
sum_3,0.052,0.01,-0.022,0.024,-0.008,-0.05,-0.001,-0.009,0.023
sum_4,-0.017,0.038,0.01,0.043,-0.024,0.031,-0.029,-0.011,-0.037
sum_5,-0.015,-0.012,-0.02,0.002,0.016,-0.046,0.006,-0.035,-0.017
sum_6,0.024,-0.022,-0.026,-0.017,0.024,-0.047,-0.015,-0.03,0.006
sum_7,0.0,-0.005,0.018,-0.016,-0.051,0.014,-0.026,0.033,0.038
sum_8,-0.03,0.035,0.014,0.017,0.038,-0.007,-0.0,-0.029,-0.022
sum_9,-0.027,0.0,-0.049,0.017,0.004,-0.035,0.005,0.026,-0.017
sum_10,-0.019,-0.01,-0.019,-0.012,-0.048,-0.009,-0.058,-0.002,0.027
sum_11,-0.001,-0.017,-0.042,0.011,-0.019,0.033,0.015,0.019,0.033
sum_12,-0.021,0.024,0.041,-0.017,0.002,-0.022,-0.019,0.014,0.021
sum_13,-0.018,0.022,0.005,0.001,-0.05,0.009,0.029,-0.032,-0.035
sum_14,-0.025,0.032,0.022,-0.0,0.001,0.023,0.042,-0.024,0.016
sum_15,0.021,0.045,0.027,0.033,0.018,-0.019,0.021,-0.059,-0.011
sum_16,-0.024,0.034,0.019,-0.008,0.017,-0.045,-0.019,0.005,0.003
sum_17,0.002,-0.002,-0.002,-0.009,0.004,0.007,0.037,0.001,0.071
sum_18,-0.033,-0.008,-0.019,-0.037,-0.001,-0.054,-0.0,-0.056,-0.037
sum_19,-0.041,0.019,0.006,0.014,0.038,0.018,0.021,0.012,0.036
sum_20,-0.013,0.03,-0.001,-0.006,-0.005,-0.062,0.017,-0.041,-0.007
sum_21,0.023,0.035,-0.021,-0.01,-0.063,-0.026,-0.017,-0.044,0.023
sum_22,0.028,0.025,0.031,0.021,0.015,-0.03,-0.01,0.005,0.057
sum_23,0.01,-0.051,-0.04,-0.019,0.023,-0.031,-0.009,-0.008,-0.011
sum_24,0.047,0.018,0.029,0.02,-0.005,-0.006,-0.033,0.059,-0.012
sum_25,-0.004,0.025,-0.0,0.02,-0.025,0.022,0.025,-0.002,-0.039
sum_26,-0.016,-0.006,0.013,0.023,0.058,-0.001,0.028,0.027,-0.03
sum_27,0.043,-0.026,-0.008,-0.037,0.005,-0.013,0.049,0.003,0.021
sum_28,0.047,-0.018,0.009,-0.025,-0.001,-0.012,-0.002,0.013,0.014
sum_29,-0.046,0.017,-0.018,0.024,-0.003,-0.024,-0.03,-0.013,-0.005
sum_30,0.035,-0.023,-0.022,-0.033,-0.024,0.012,0.021,-0.015,0.013
sum_31,0.039,0.013,0.024,-0.005,-0.041,-0.001,0.02,0.057,0.035
sum_32,0.004,-0.026,-0.032,0.021,-0.018,0.02,-0.018,0.013,0.051
sum_33,-0.001,0.024,0.041,-0.036,-0.0,-0.051,0.015,-0.004,0.01
sum_34,-0.011,-0.014,-0.022,0.023,-0.012,0.061,0.003,0.038,0.027
sum_35,-0.037,0.01,0.022,-0.03,-0.027,-0.015,-0.028,0.036,-0.011
sum_36,-0.022,-0.016,-0.013,0.024,0.04,0.009,0.005,-0.003,-0.019
sum_37,0.003,-0.025,-0.041,-0.018,-0.025,-0.043,-0.037,-0.01,-0.016
sum_38,0.036,-0.039,0.017,-0.005,0.028,0.066,-0.042,0.019,-0.019
sum_39,-0.015,0.001,-0.027,0.051,0.031,-0.014,-0.038,0.018,0.013
sum_40,-0.013,-0.019,-0.071,0.011,-0.014,-0.024,0.01,-0.001,0.008
sum_41,-0.01,0.023,0.009,0.032,0.004,0.039,0.045,-0.028,-0.006
sum_42,-0.048,0.022,0.002,0.009,-0.0,-0.014,-0.04,0.024,0.022
sum_43,-0.02,0.014,-0.028,0.054,-0.006,-0.022,-0.039,0.009,-0.006
sum_44,0.015,0.025,0.031,0.028,0.014,-0.04,0.007,-0.01,0.034
sum_45,0.034,-0.001,0.019,-0.021,-0.029,-0.021,0.042,-0.007,0.018
sum_46,-0.062,0.002,-0.007,-0.019,-0.022,-0.014,-0.019,0.017,-0.002
sum_47,0.035,0.007,0.006,0.048,0.062,-0.008,0.031,-0.006,-0.004
sum_48,-0.057,0.029,-0.012,0.024,-0.019,0.003,-0.019,-0.012,0.023
sum_49,-0.011,-0.003,-0.037,-0.005,-0.01,0.052,0.027,-0.01,-0.002
sum_50,-0.027,-0.0,-0.041,0.017,0.01,-0.006,-0.007,0.022,0.007
sum_51,0.04,0.021,0.033,-0.019,-0.022,0.005,0.045,-0.018,0.014
sum_52,-0.025,0.002,0.021,-0.034,0.013,0.023,0.04,-0.025,0.004
sum_53,0.049,0.035,0.012,0.023,-0.013,0.02,0.023,-0.048,-0.008
sum_54,0.019,-0.02,-0.028,-0.021,-0.066,-0.016,0.005,0.025,0.0
sum_55,0.012,0.004,0.031,-0.026,-0.035,0.007,0.03,0.003,0.027
sum_56,-0.01,-0.04,0.006,-0.044,-0.001,-0.034,0.007,0.036,0.064
sum_57,-0.029,0.007,0.036,-0.011,-0.028,0.052,-0.001,-0.01,-0.003
sum_58,-0.002,0.013,-0.02,0.046,0.007,-0.026,-0.026,-0.023,0.009
sum_59,0.024,-0.012,-0.009,-0.003,-0.007,0.015,0.042,0.001,-0.026
sum_60,0.032,-0.005,0.05,-0.009,-0.015,0.011,0.009,0.008,-0.001
sum_61,0.018,0.019,0.01,-0.005,-0.047,0.01,0.033,0.011,-0.004
sum_62,-0.019,0.014,-0.012,0.009,0.027,-0.018,0.005,0.004,0.032
sum_63,-0.038,0.01,0.028,-0.009,0.024,-0.03,0.001,0.033,0.005
sum_64,-0.006,0.007,0.038,-0.023,-0.003,-0.004,0.026,-0.042,0.017
sum_65,0.049,-0.005,-0.004,0.016,0.015,0.018,0.004,0.033,0.043
sum_66,0.039,-0.003,-0.034,0.026,-0.009,0.008,-0.008,0.008,0.027
sum_67,0.034,0.034,0.036,0.043,-0.037,0.003,0.018,-0.011,-0.018
sum_68,-0.023,-0.004,-0.045,0.02,-0.007,0.005,0.038,-0.009,-0.02
sum_69,0.011,-0.003,0.01,-0.006,-0.034,0.016,-0.08,0.049,-0.018
sum_70,0.011,-0.034,-0.012,-0.032,-0.033,0.006,0.034,-0.014,-0.028
sum_71,-0.041,0.019,-0.032,0.025,0.019,-0.017,0.005,0.003,-0.042
sum_72,-0.051,-0.005,0.037,-0.02,0.012,0.019,0.027,-0.01,-0.011
sum_73,0.054,-0.013,-0.006,-0.004,0.025,0.002,-0.011,-0.003,-0.003
sum_74,0.057,-0.011,0.003,-0.008,-0.008,-0.008,-0.044,-0.016,0.014
sum_75,-0.002,0.009,0.053,-0.037,-0.01,-0.014,0.024,-0.005,-0.019
sum_76,0.033,0.021,-0.026,0.039,-0.015,-0.048,-0.008,0.003,-0.006
sum_77,-0.024,-0.038,-0.012,-0.011,0.018,0.068,0.003,0.047,0.034
sum_78,0.015,-0.001,0.006,0.029,0.059,-0.022,-0.039,0.006,-0.005
sum_79,0.008,0.011,0.016,0.02,-0.001,0.042,-0.009,0.002,0.029
sum_80,-0.028,-0.032,-0.035,0.007,-0.035,0.038,-0.036,0.008,0.029
sum_81,-0.003,-0.026,-0.054,0.021,0.001,0.004,0.01,-0.051,0.001
sum_82,0.024,-0.02,-0.018,-0.051,-0.013,-0.015,0.048,-0.043,0.024
sum_83,-0.025,0.006,0.02,-0.019,0.027,-0.009,-0.034,0.013,0.018
sum_84,0.062,-0.004,0.005,0.011,0.003,-0.018,0.025,-0.018,0.002
sum_85,0.038,-0.01,-0.042,0.022,0.014,-0.007,0.023,-0.001,0.023
sum_86,0.001,-0.032,-0.032,-0.063,-0.016,-0.021,0.015,-0.005,-0.003
sum_87,-0.037,-0.012,-0.002,0.024,0.04,0.013,0.025,-0.036,-0.022
sum_88,0.021,-0.013,0.001,-0.038,-0.014,-0.055,-0.03,-0.005,-0.012
sum_89,-0.024,0.034,-0.011,0.022,-0.045,0.009,-0.031,-0.023,-0.052
sum_90,-0.023,0.004,-0.057,0.036,-0.002,0.013,0.006,-0.035,-0.024
sum_91,0.017,-0.018,-0.053,0.014,-0.021,0.009,0.014,0.017,-0.003
sum_92,-0.023,0.017,0.018,0.029,-0.02,0.057,0.004,-0.006,0.041
sum_93,0.033,-0.011,0.025,0.02,0.035,0.007,-0.042,-0.039,-0.019
sum_94,0.039,0.016,0.034,-0.021,-0.008,-0.041,-0.007,0.009,-0.009
sum_95,-0.034,-0.008,-0.004,-0.042,-0.004,-0.04,-0.013,-0.013,-0.022
sum_96,0.029,-0.019,-0.048,0.012,0.006,-0.016,0.033,0.005,0.021
sum_97,-0.055,-0.031,-0.024,-0.058,-0.036,-0.014,-0.003,0.004,-0.009
sum_98,0.0,-0.043,-0.03,-0.037,0.006,0.032,0.019,0.012,-0.006
sum_99,0.013,-0.002,0.018,0.021,0.031,0.04,0.05,-0.011,-0.003
sum_100,0.038,0.008,0.029,-0.029,0.013,0.009,0.034,-0.039,-0.008
sum_101,-0.01,-0.007,0.004,-0.003,0.061,-0.041,-0.014,0.019,-0.024
sum_102,0.007,0.025,0.004,0.031,0.043,-0.005,0.037,0.014,0.049
sum_103,-0.039,-0.015,-0.0,-0.02,0.02,-0.037,-0.031,0.045,0.021
sum_104,0.043,0.008,-0.009,0.018,-0.013,-0.033,-0.048,0.006,0.01
sum_105,-0.029,0.006,0.037,-0.0,-0.017,0.025,-0.01,-0.001,0.026
sum_106,-0.011,0.011,0.049,-0.031,-0.015,0.011,-0.009,0.037,0.015
sum_107,0.021,-0.015,-0.001,-0.021,0.057,-0.047,0.012,-0.006,-0.008
sum_108,-0.005,0.028,0.014,0.016,-0.038,-0.052,-0.046,-0.02,0.016
sum_109,0.009,-0.025,0.001,-0.01,0.006,-0.002,-0.062,0.011,-0.021
sum_110,-0.027,-0.013,-0.014,-0.016,-0.026,-0.023,-0.028,-0.002,-0.062
sum_111,0.035,-0.03,-0.003,-0.002,0.031,0.01,0.015,0.021,0.05
sum_112,-0.014,0.007,-0.019,0.05,0.013,0.012,-0.001,0.041,0.027
sum_113,-0.007,-0.029,-0.0,-0.019,0.06,-0.058,-0.005,-0.006,0.008
sum_114,0.03,-0.013,-0.012,0.034,0.035,-0.009,0.034,0.013,-0.016
sum_115,0.015,-0.016,-0.023,0.014,0.012,0.027,0.029,-0.015,0.033
sum_116,-0.012,0.0,0.009,-0.021,-0.008,0.015,-0.018,0.041,0.082
sum_117,-0.024,0.041,0.01,0.014,-0.005,-0.014,-0.01,-0.013,0.029
sum_118,-0.049,0.016,-0.007,-0.001,-0.036,0.009,-0.009,-0.04,-0.028
sum_119,-0.031,0.033,0.009,0.056,0.029,0.013,-0.016,0.008,-0.016
sum_120,-0.017,0.021,0.023,0.012,-0.027,-0.034,-0.022,0.054,-0.028
sum_121,-0.035,-0.005,-0.007,0.026,0.018,0.044,0.013,-0.012,-0.037
sum_122,-0.04,0.023,0.018,0.023,-0.002,0.055,-0.001,-0.002,0.02
sum_123,0.01,0.005,-0.048,0.019,-0.0,-0.014,-0.022,-0.029,-0.004
sum_124,0.021,-0.004,0.018,-0.005,0.02,-0.014,-0.009,-0.006,0.042
sum_125,-0.014,-0.027,-0.037,-0.012,-0.021,0.006,-0.002,0.044,0.043
sum_126,0.023,-0.019,-0.005,-0.029,0.021,-0.025,0.012,-0.004,-0.024
sum_127,0.043,0.002,0.022,-0.032,-0.031,-0.015,-0.02,-0.003,-0.005
sum_128,0.055,0.021,0.008,0.036,-0.014,-0.037,-0.006,0.026,0.024
sum_129,-0.062,0.001,0.015,-0.009,0.005,0.017,-0.018,0.003,0.037
sum_130,0.0,0.003,-0.014,-0.007,-0.016,-0.022,-0.037,0.055,0.051
sum_131,0.016,0.011,-0.001,-0.023,-0.04,0.017,0.014,-0.027,0.024
sum_132,0.032,-0.008,-0.025,-0.019,0.023,0.008,0.046,-0.015,0.011
sum_133,-0.01,-0.015,-0.008,0.021,0.038,0.005,0.004,-0.01,-0.05
sum_134,0.012,0.02,0.065,-0.015,0.026,0.001,0.01,-0.011,-0.014
sum_135,-0.021,0.041,0.036,0.017,-0.018,0.011,0.022,0.007,0.032
sum_136,0.041,-0.029,0.001,-0.002,0.031,0.045,-0.007,0.007,-0.006
sum_137,0.041,-0.017,-0.029,0.018,0.018,0.011,-0.014,0.023,0.04
sum_138,-0.056,0.013,-0.016,0.012,0.016,-0.024,-0.021,0.011,0.0
sum_139,-0.048,0.029,0.019,-0.02,0.011,-0.017,0.024,0.022,-0.009
sum_140,0.028,0.005,0.042,-0.013,-0.02,0.032,0.01,-0.008,0.035
sum_141,-0.038,0.027,-0.003,-0.011,0.017,-0.032,0.012,-0.001,0.012
sum_142,-0.008,0.0,0.027,-0.034,0.004,-0.035,-0.017,0.013,-0.02
sum_143,-0.022,0.004,0.003,0.021,0.029,0.03,0.032,0.044,0.035
sum_144,-0.041,-0.021,-0.021,0.005,-0.035,0.046,-0.007,0.03,-0.014
sum_145,0.007,0.031,0.059,-0.013,0.008,-0.025,0.003,-0.008,0.047
sum_146,0.009,0.011,0.015,-0.014,-0.004,0.008,0.037,-0.01,-0.042
sum_147,-0.016,-0.04,-0.035,0.001,0.036,-0.016,-0.025,0.036,0.029
sum_148,-0.017,0.024,0.031,-0.018,0.017,-0.013,-0.024,0.028,0.031
sum_149,0.009,-0.04,-0.002,-0.047,-0.018,-0.04,-0.03,-0.023,-0.022
sum_150,0.055,-0.007,-0.023,0.029,-0.011,0.021,0.007,0.024,-0.004
sum_151,0.046,-0.002,-0.033,0.013,-0.028,0.003,0.019,0.013,0.007
sum_152,0.008,-0.016,-0.02,0.034,0.039,-0.024,0.016,0.029,0.013
sum_153,-0.017,-0.009,-0.038,-0.0,-0.032,-0.034,0.006,-0.015,-0.0
sum_154,-0.011,0.005,-0.037,0.007,-0.004,-0.04,-0.032,0.004,-0.002
sum_155,0.054,0.008,-0.014,0.062,0.002,-0.007,0.003,-0.004,-0.002
sum_156,-0.013,0.019,0.046,-0.032,-0.033,-0.004,0.026,-0.009,-0.004
sum_157,0.03,-0.036,-0.004,0.01,0.041,0.009,-0.002,0.015,0.005
sum_158,0.013,-0.028,0.003,-0.06,-0.01,0.031,0.025,-0.005,0.028
sum_159,0.033,0.0,0.026,-0.009,-0.027,0.014,0.03,0.033,0.01
sum_160,-0.016,0.016,-0.028,0.008,-0.029,0.015,0.017,0.046,0.045
sum_161,-0.004,0.003,-0.002,0.022,0.008,0.05,0.035,0.005,0.04
sum_162,-0.032,0.015,-0.03,0.026,-0.012,0.013,-0.006,-0.022,-0.03
sum_163,-0.035,-0.017,0.019,-0.02,0.045,-0.013,-0.002,0.013,-0.041
sum_164,0.042,-0.016,0.007,0.005,0.015,0.003,-0.044,0.025,0.021
sum_165,-0.03,0.011,0.018,-0.006,-0.018,0.019,0.035,-0.011,-0.03
sum_166,-0.052,-0.01,-0.001,-0.032,0.04,-0.001,0.054,-0.036,-0.001
sum_167,0.004,0.022,-0.012,0.016,-0.044,-0.019,-0.071,-0.005,-0.018
sum_168,-0.013,-0.047,-0.001,-0.013,0.045,0.026,-0.047,0.064,-0.013
sum_169,0.034,-0.004,0.026,0.013,-0.014,0.043,-0.002,-0.002,-0.056
sum_170,-0.011,0.023,-0.012,-0.039,-0.04,0.005,0.033,-0.027,0.03
sum_171,0.023,-0.017,-0.041,0.007,-0.013,-0.026,0.004,-0.015,0.016
sum_172,0.022,-0.002,0.008,-0.005,-0.012,0.006,-0.018,0.051,-0.033
sum_173,0.044,-0.003,-0.011,0.044,0.013,0.016,0.02,0.021,0.031
sum_174,-0.054,0.025,0.008,0.031,0.015,-0.01,0.012,-0.012,0.006
sum_175,-0.041,-0.022,-0.031,0.002,-0.011,0.06,-0.015,-0.025,-0.006
sum_176,-0.001,0.004,-0.025,0.002,0.016,-0.046,0.024,0.036,0.072
sum_177,0.02,0.01,-0.005,0.02,0.051,-0.038,-0.014,-0.012,0.003
sum_178,0.043,-0.037,-0.01,-0.008,0.009,-0.003,-0.036,-0.007,-0.001
sum_179,-0.01,-0.025,-0.008,0.024,0.068,-0.009,-0.038,0.035,0.016
sum_180,0.009,-0.014,0.005,-0.024,-0.011,-0.037,-0.043,0.036,0.027
sum_181,-0.023,-0.001,0.034,0.024,0.027,-0.005,-0.054,-0.013,0.011
sum_182,-0.006,0.012,-0.041,0.023,0.038,-0.06,0.031,-0.036,0.033
sum_183,-0.044,-0.009,-0.012,0.03,0.045,-0.005,0.027,-0.012,0.004
sum_184,0.049,-0.007,0.011,-0.034,-0.015,-0.017,-0.007,0.015,0.007
sum_185,0.011,-0.009,0.003,-0.021,-0.014,0.019,0.02,-0.039,0.053
sum_186,-0.059,0.017,0.011,0.002,-0.019,0.002,0.002,0.011,0.029
sum_187,0.005,0.014,0.04,-0.038,-0.019,-0.014,0.039,-0.026,0.011
sum_188,-0.029,0.021,-0.01,0.008,0.001,0.001,0.042,0.001,0.016
sum_189,-0.004,-0.034,-0.034,-0.026,0.054,-0.0,0.034,-0.03,-0.038
sum_190,0.002,-0.006,-0.038,0.03,0.022,0.002,-0.013,0.041,0.042
sum_191,-0.05,0.011,0.005,0.027,0.016,0.023,0.025,-0.011,0.012
sum_192,0.031,-0.022,0.023,-0.032,-0.019,-0.007,-0.03,-0.038,-0.021
sum_193,-0.042,0.018,0.038,-0.003,-0.001,0.015,-0.037,-0.01,-0.01
sum_194,-0.022,0.003,0.011,-0.018,0.021,-0.061,-0.026,-0.001,0.009
sum_195,-0.012,-0.015,-0.001,0.007,0.033,0.072,0.031,-0.001,0.011
sum_196,-0.017,-0.034,-0.042,-0.042,0.014,-0.021,0.016,0.033,0.022
sum_197,-0.014,0.031,-0.03,0.04,-0.004,0.003,-0.002,0.002,0.04
sum_198,0.028,0.03,-0.016,0.058,0.015,-0.007,-0.029,0.027,0.029
sum_199,0.031,0.003,-0.024,0.051,-0.011,-0.001,-0.024,0.021,-0.032
avg_0,0.043,0.02,-0.02,0.008,-0.028,-0.023,0.002,-0.022,-0.052
avg_1,-0.003,-0.007,-0.053,0.014,-0.014,-0.002,0.025,-0.038,-0.029
avg_2,0.019,-0.01,-0.024,-0.01,-0.024,-0.005,-0.062,0.014,-0.017
avg_3,0.052,0.01,-0.022,0.024,-0.008,-0.05,-0.001,-0.009,0.023
avg_4,-0.017,0.038,0.01,0.043,-0.024,0.031,-0.029,-0.011,-0.037
avg_5,-0.015,-0.012,-0.02,0.002,0.016,-0.046,0.006,-0.035,-0.017
avg_6,0.024,-0.022,-0.026,-0.017,0.024,-0.047,-0.015,-0.03,0.006
avg_7,0.0,-0.005,0.018,-0.016,-0.051,0.014,-0.026,0.033,0.038
avg_8,-0.03,0.035,0.014,0.017,0.038,-0.007,-0.0,-0.029,-0.022
avg_9,-0.027,0.0,-0.049,0.017,0.004,-0.035,0.005,0.026,-0.017
avg_10,-0.019,-0.01,-0.019,-0.012,-0.048,-0.009,-0.058,-0.002,0.027
avg_11,-0.001,-0.017,-0.042,0.011,-0.019,0.033,0.015,0.019,0.033
avg_12,-0.021,0.024,0.041,-0.017,0.002,-0.022,-0.019,0.014,0.021
avg_13,-0.018,0.022,0.005,0.001,-0.05,0.009,0.029,-0.032,-0.035
avg_14,-0.025,0.032,0.022,-0.0,0.001,0.023,0.042,-0.024,0.016
avg_15,0.021,0.045,0.027,0.033,0.018,-0.019,0.021,-0.059,-0.011
avg_16,-0.024,0.034,0.019,-0.008,0.017,-0.045,-0.019,0.005,0.003
avg_17,0.002,-0.002,-0.002,-0.009,0.004,0.007,0.037,0.001,0.071
avg_18,-0.033,-0.008,-0.019,-0.037,-0.001,-0.054,-0.0,-0.056,-0.037
avg_19,-0.041,0.019,0.006,0.014,0.038,0.018,0.021,0.012,0.036
avg_20,-0.013,0.03,-0.001,-0.006,-0.005,-0.062,0.017,-0.041,-0.007
avg_21,0.023,0.035,-0.021,-0.01,-0.063,-0.026,-0.017,-0.044,0.023
avg_22,0.028,0.025,0.031,0.021,0.015,-0.03,-0.01,0.005,0.057
avg_23,0.01,-0.051,-0.04,-0.019,0.023,-0.031,-0.009,-0.008,-0.011
avg_24,0.047,0.018,0.029,0.02,-0.005,-0.006,-0.033,0.059,-0.012
avg_25,-0.004,0.025,-0.0,0.02,-0.025,0.022,0.025,-0.002,-0.039
avg_26,-0.016,-0.006,0.013,0.023,0.058,-0.001,0.028,0.027,-0.03
avg_27,0.043,-0.026,-0.008,-0.037,0.005,-0.013,0.049,0.003,0.021
avg_28,0.047,-0.018,0.009,-0.025,-0.001,-0.012,-0.002,0.013,0.014
avg_29,-0.046,0.017,-0.018,0.024,-0.003,-0.024,-0.03,-0.013,-0.005
avg_30,0.035,-0.023,-0.022,-0.033,-0.024,0.012,0.021,-0.015,0.013
avg_31,0.039,0.013,0.024,-0.005,-0.041,-0.001,0.02,0.057,0.035
avg_32,0.004,-0.026,-0.032,0.021,-0.018,0.02,-0.018,0.013,0.051
avg_33,-0.001,0.024,0.041,-0.036,-0.0,-0.051,0.015,-0.004,0.01
avg_34,-0.011,-0.014,-0.022,0.023,-0.012,0.061,0.003,0.038,0.027
avg_35,-0.037,0.01,0.022,-0.03,-0.027,-0.015,-0.028,0.036,-0.011
avg_36,-0.022,-0.016,-0.013,0.024,0.04,0.009,0.005,-0.003,-0.019
avg_37,0.003,-0.025,-0.041,-0.018,-0.025,-0.043,-0.037,-0.01,-0.016
avg_38,0.036,-0.039,0.017,-0.005,0.028,0.066,-0.042,0.019,-0.019
avg_39,-0.015,0.001,-0.027,0.051,0.031,-0.014,-0.038,0.018,0.013
avg_40,-0.013,-0.019,-0.071,0.011,-0.014,-0.024,0.01,-0.001,0.008
avg_41,-0.01,0.023,0.009,0.032,0.004,0.039,0.045,-0.028,-0.006
avg_42,-0.048,0.022,0.002,0.009,-0.0,-0.014,-0.04,0.024,0.022
avg_43,-0.02,0.014,-0.028,0.054,-0.006,-0.022,-0.039,0.009,-0.006
avg_44,0.015,0.025,0.031,0.028,0.014,-0.04,0.007,-0.01,0.034
avg_45,0.034,-0.001,0.019,-0.021,-0.029,-0.021,0.042,-0.007,0.018
avg_46,-0.062,0.002,-0.007,-0.019,-0.022,-0.014,-0.019,0.017,-0.002
avg_47,0.035,0.007,0.006,0.048,0.062,-0.008,0.031,-0.006,-0.004
avg_48,-0.057,0.029,-0.012,0.024,-0.019,0.003,-0.019,-0.012,0.023
avg_49,-0.011,-0.003,-0.037,-0.005,-0.01,0.052,0.027,-0.01,-0.002
avg_50,-0.027,-0.0,-0.041,0.017,0.01,-0.006,-0.007,0.022,0.007
avg_51,0.04,0.021,0.033,-0.019,-0.022,0.005,0.045,-0.018,0.014
avg_52,-0.025,0.002,0.021,-0.034,0.013,0.023,0.04,-0.025,0.004
avg_53,0.049,0.035,0.012,0.023,-0.013,0.02,0.023,-0.048,-0.008
avg_54,0.019,-0.02,-0.028,-0.021,-0.066,-0.016,0.005,0.025,0.0
avg_55,0.012,0.004,0.031,-0.026,-0.035,0.007,0.03,0.003,0.027
avg_56,-0.01,-0.04,0.006,-0.044,-0.001,-0.034,0.007,0.036,0.064
avg_57,-0.029,0.007,0.036,-0.011,-0.028,0.052,-0.001,-0.01,-0.003
avg_58,-0.002,0.013,-0.02,0.046,0.007,-0.026,-0.026,-0.023,0.009
avg_59,0.024,-0.012,-0.009,-0.003,-0.007,0.015,0.042,0.001,-0.026
avg_60,0.032,-0.005,0.05,-0.009,-0.015,0.011,0.009,0.008,-0.001
avg_61,0.018,0.019,0.01,-0.005,-0.047,0.01,0.033,0.011,-0.004
avg_62,-0.019,0.014,-0.012,0.009,0.027,-0.018,0.005,0.004,0.032
avg_63,-0.038,0.01,0.028,-0.009,0.024,-0.03,0.001,0.033,0.005
avg_64,-0.006,0.007,0.038,-0.023,-0.003,-0.004,0.026,-0.042,0.017
avg_65,0.049,-0.005,-0.004,0.016,0.015,0.018,0.004,0.033,0.043
avg_66,0.039,-0.003,-0.034,0.026,-0.009,0.008,-0.008,0.008,0.027
avg_67,0.034,0.034,0.036,0.043,-0.037,0.003,0.018,-0.011,-0.018
avg_68,-0.023,-0.004,-0.045,0.02,-0.007,0.005,0.038,-0.009,-0.02
avg_69,0.011,-0.003,0.01,-0.006,-0.034,0.016,-0.08,0.049,-0.018
avg_70,0.011,-0.034,-0.012,-0.032,-0.033,0.006,0.034,-0.014,-0.028
avg_71,-0.041,0.019,-0.032,0.025,0.019,-0.017,0.005,0.003,-0.042
avg_72,-0.051,-0.005,0.037,-0.02,0.012,0.019,0.027,-0.01,-0.011
avg_73,0.054,-0.013,-0.006,-0.004,0.025,0.002,-0.011,-0.003,-0.003
avg_74,0.057,-0.011,0.003,-0.008,-0.008,-0.008,-0.044,-0.016,0.014
avg_75,-0.002,0.009,0.053,-0.037,-0.01,-0.014,0.024,-0.005,-0.019
avg_76,0.033,0.021,-0.026,0.039,-0.015,-0.048,-0.008,0.003,-0.006
avg_77,-0.024,-0.038,-0.012,-0.011,0.018,0.068,0.003,0.047,0.034
avg_78,0.015,-0.001,0.006,0.029,0.059,-0.022,-0.039,0.006,-0.005
avg_79,0.008,0.011,0.016,0.02,-0.001,0.042,-0.009,0.002,0.029
avg_80,-0.028,-0.032,-0.035,0.007,-0.035,0.038,-0.036,0.008,0.029
avg_81,-0.003,-0.026,-0.054,0.021,0.001,0.004,0.01,-0.051,0.001
avg_82,0.024,-0.02,-0.018,-0.051,-0.013,-0.015,0.048,-0.043,0.024
avg_83,-0.025,0.006,0.02,-0.019,0.027,-0.009,-0.034,0.013,0.018
avg_84,0.062,-0.004,0.005,0.011,0.003,-0.018,0.025,-0.018,0.002
avg_85,0.038,-0.01,-0.042,0.022,0.014,-0.007,0.023,-0.001,0.023
avg_86,0.001,-0.032,-0.032,-0.063,-0.016,-0.021,0.015,-0.005,-0.003
avg_87,-0.037,-0.012,-0.002,0.024,0.04,0.013,0.025,-0.036,-0.022
avg_88,0.021,-0.013,0.001,-0.038,-0.014,-0.055,-0.03,-0.005,-0.012
avg_89,-0.024,0.034,-0.011,0.022,-0.045,0.009,-0.031,-0.023,-0.052
avg_90,-0.023,0.004,-0.057,0.036,-0.002,0.013,0.006,-0.035,-0.024
avg_91,0.017,-0.018,-0.053,0.014,-0.021,0.009,0.014,0.017,-0.003
avg_92,-0.023,0.017,0.018,0.029,-0.02,0.057,0.004,-0.006,0.041
avg_93,0.033,-0.011,0.025,0.02,0.035,0.007,-0.042,-0.039,-0.019
avg_94,0.039,0.016,0.034,-0.021,-0.008,-0.041,-0.007,0.009,-0.009
avg_95,-0.034,-0.008,-0.004,-0.042,-0.004,-0.04,-0.013,-0.013,-0.022
avg_96,0.029,-0.019,-0.048,0.012,0.006,-0.016,0.033,0.005,0.021
avg_97,-0.055,-0.031,-0.024,-0.058,-0.036,-0.014,-0.003,0.004,-0.009
avg_98,0.0,-0.043,-0.03,-0.037,0.006,0.032,0.019,0.012,-0.006
avg_99,0.013,-0.002,0.018,0.021,0.031,0.04,0.05,-0.011,-0.003
avg_100,0.038,0.008,0.029,-0.029,0.013,0.009,0.034,-0.039,-0.008
avg_101,-0.01,-0.007,0.004,-0.003,0.061,-0.041,-0.014,0.019,-0.024
avg_102,0.007,0.025,0.004,0.031,0.043,-0.005,0.037,0.014,0.049
avg_103,-0.039,-0.015,-0.0,-0.02,0.02,-0.037,-0.031,0.045,0.021
avg_104,0.043,0.008,-0.009,0.018,-0.013,-0.033,-0.048,0.006,0.01
avg_105,-0.029,0.006,0.037,-0.0,-0.017,0.025,-0.01,-0.001,0.026
avg_106,-0.011,0.011,0.049,-0.031,-0.015,0.011,-0.009,0.037,0.015
avg_107,0.021,-0.015,-0.001,-0.021,0.057,-0.047,0.012,-0.006,-0.008
avg_108,-0.005,0.028,0.014,0.016,-0.038,-0.052,-0.046,-0.02,0.016
avg_109,0.009,-0.025,0.001,-0.01,0.006,-0.002,-0.062,0.011,-0.021
avg_110,-0.027,-0.013,-0.014,-0.016,-0.026,-0.023,-0.028,-0.002,-0.062
avg_111,0.035,-0.03,-0.003,-0.002,0.031,0.01,0.015,0.021,0.05
avg_112,-0.014,0.007,-0.019,0.05,0.013,0.012,-0.001,0.041,0.027
avg_113,-0.007,-0.029,-0.0,-0.019,0.06,-0.058,-0.005,-0.006,0.008
avg_114,0.03,-0.013,-0.012,0.034,0.035,-0.009,0.034,0.013,-0.016
avg_115,0.015,-0.016,-0.023,0.014,0.012,0.027,0.029,-0.015,0.033
avg_116,-0.012,0.0,0.009,-0.021,-0.008,0.015,-0.018,0.041,0.082
avg_117,-0.024,0.041,0.01,0.014,-0.005,-0.014,-0.01,-0.013,0.029
avg_118,-0.049,0.016,-0.007,-0.001,-0.036,0.009,-0.009,-0.04,-0.028
avg_119,-0.031,0.033,0.009,0.056,0.029,0.013,-0.016,0.008,-0.016
avg_120,-0.017,0.021,0.023,0.012,-0.027,-0.034,-0.022,0.054,-0.028
avg_121,-0.035,-0.005,-0.007,0.026,0.018,0.044,0.013,-0.012,-0.037
avg_122,-0.04,0.023,0.018,0.023,-0.002,0.055,-0.001,-0.002,0.02
avg_123,0.01,0.005,-0.048,0.019,-0.0,-0.014,-0.022,-0.029,-0.004
avg_124,0.021,-0.004,0.018,-0.005,0.02,-0.014,-0.009,-0.006,0.042
avg_125,-0.014,-0.027,-0.037,-0.012,-0.021,0.006,-0.002,0.044,0.043
avg_126,0.023,-0.019,-0.005,-0.029,0.021,-0.025,0.012,-0.004,-0.024
avg_127,0.043,0.002,0.022,-0.032,-0.031,-0.015,-0.02,-0.003,-0.005
avg_128,0.055,0.021,0.008,0.036,-0.014,-0.037,-0.006,0.026,0.024
avg_129,-0.062,0.001,0.015,-0.009,0.005,0.017,-0.018,0.003,0.037
avg_130,0.0,0.003,-0.014,-0.007,-0.016,-0.022,-0.037,0.055,0.051
avg_131,0.016,0.011,-0.001,-0.023,-0.04,0.017,0.014,-0.027,0.024
avg_132,0.032,-0.008,-0.025,-0.019,0.023,0.008,0.046,-0.015,0.011
avg_133,-0.01,-0.015,-0.008,0.021,0.038,0.005,0.004,-0.01,-0.05
avg_134,0.012,0.02,0.065,-0.015,0.026,0.001,0.01,-0.011,-0.014
avg_135,-0.021,0.041,0.036,0.017,-0.018,0.011,0.022,0.007,0.032
avg_136,0.041,-0.029,0.001,-0.002,0.031,0.045,-0.007,0.007,-0.006
avg_137,0.041,-0.017,-0.029,0.018,0.018,0.011,-0.014,0.023,0.04
avg_138,-0.056,0.013,-0.016,0.012,0.016,-0.024,-0.021,0.011,0.0
avg_139,-0.048,0.029,0.019,-0.02,0.011,-0.017,0.024,0.022,-0.009
avg_140,0.028,0.005,0.042,-0.013,-0.02,0.032,0.01,-0.008,0.035
avg_141,-0.038,0.027,-0.003,-0.011,0.017,-0.032,0.012,-0.001,0.012
avg_142,-0.008,0.0,0.027,-0.034,0.004,-0.035,-0.017,0.013,-0.02
avg_143,-0.022,0.004,0.003,0.021,0.029,0.03,0.032,0.044,0.035
avg_144,-0.041,-0.021,-0.021,0.005,-0.035,0.046,-0.007,0.03,-0.014
avg_145,0.007,0.031,0.059,-0.013,0.008,-0.025,0.003,-0.008,0.047
avg_146,0.009,0.011,0.015,-0.014,-0.004,0.008,0.037,-0.01,-0.042
avg_147,-0.016,-0.04,-0.035,0.001,0.036,-0.016,-0.025,0.036,0.029
avg_148,-0.017,0.024,0.031,-0.018,0.017,-0.013,-0.024,0.028,0.031
avg_149,0.009,-0.04,-0.002,-0.047,-0.018,-0.04,-0.03,-0.023,-0.022
avg_150,0.055,-0.007,-0.023,0.029,-0.011,0.021,0.007,0.024,-0.004
avg_151,0.046,-0.002,-0.033,0.013,-0.028,0.003,0.019,0.013,0.007
avg_152,0.008,-0.016,-0.02,0.034,0.039,-0.024,0.016,0.029,0.013
avg_153,-0.017,-0.009,-0.038,-0.0,-0.032,-0.034,0.006,-0.015,-0.0
avg_154,-0.011,0.005,-0.037,0.007,-0.004,-0.04,-0.032,0.004,-0.002
avg_155,0.054,0.008,-0.014,0.062,0.002,-0.007,0.003,-0.004,-0.002
avg_156,-0.013,0.019,0.046,-0.032,-0.033,-0.004,0.026,-0.009,-0.004
avg_157,0.03,-0.036,-0.004,0.01,0.041,0.009,-0.002,0.015,0.005
avg_158,0.013,-0.028,0.003,-0.06,-0.01,0.031,0.025,-0.005,0.028
avg_159,0.033,0.0,0.026,-0.009,-0.027,0.014,0.03,0.033,0.01
avg_160,-0.016,0.016,-0.028,0.008,-0.029,0.015,0.017,0.046,0.045
avg_161,-0.004,0.003,-0.002,0.022,0.008,0.05,0.035,0.005,0.04
avg_162,-0.032,0.015,-0.03,0.026,-0.012,0.013,-0.006,-0.022,-0.03
avg_163,-0.035,-0.017,0.019,-0.02,0.045,-0.013,-0.002,0.013,-0.041
avg_164,0.042,-0.016,0.007,0.005,0.015,0.003,-0.044,0.025,0.021
avg_165,-0.03,0.011,0.018,-0.006,-0.018,0.019,0.035,-0.011,-0.03
avg_166,-0.052,-0.01,-0.001,-0.032,0.04,-0.001,0.054,-0.036,-0.001
avg_167,0.004,0.022,-0.012,0.016,-0.044,-0.019,-0.071,-0.005,-0.018
avg_168,-0.013,-0.047,-0.001,-0.013,0.045,0.026,-0.047,0.064,-0.013
avg_169,0.034,-0.004,0.026,0.013,-0.014,0.043,-0.002,-0.002,-0.056
avg_170,-0.011,0.023,-0.012,-0.039,-0.04,0.005,0.033,-0.027,0.03
avg_171,0.023,-0.017,-0.041,0.007,-0.013,-0.026,0.004,-0.015,0.016
avg_172,0.022,-0.002,0.008,-0.005,-0.012,0.006,-0.018,0.051,-0.033
avg_173,0.044,-0.003,-0.011,0.044,0.013,0.016,0.02,0.021,0.031
avg_174,-0.054,0.025,0.008,0.031,0.015,-0.01,0.012,-0.012,0.006
avg_175,-0.041,-0.022,-0.031,0.002,-0.011,0.06,-0.015,-0.025,-0.006
avg_176,-0.001,0.004,-0.025,0.002,0.016,-0.046,0.024,0.036,0.072
avg_177,0.02,0.01,-0.005,0.02,0.051,-0.038,-0.014,-0.012,0.003
avg_178,0.043,-0.037,-0.01,-0.008,0.009,-0.003,-0.036,-0.007,-0.001
avg_179,-0.01,-0.025,-0.008,0.024,0.068,-0.009,-0.038,0.035,0.016
avg_180,0.009,-0.014,0.005,-0.024,-0.011,-0.037,-0.043,0.036,0.027
avg_181,-0.023,-0.001,0.034,0.024,0.027,-0.005,-0.054,-0.013,0.011
avg_182,-0.006,0.012,-0.041,0.023,0.038,-0.06,0.031,-0.036,0.033
avg_183,-0.044,-0.009,-0.012,0.03,0.045,-0.005,0.027,-0.012,0.004
avg_184,0.049,-0.007,0.011,-0.034,-0.015,-0.017,-0.007,0.015,0.007
avg_185,0.011,-0.009,0.003,-0.021,-0.014,0.019,0.02,-0.039,0.053
avg_186,-0.059,0.017,0.011,0.002,-0.019,0.002,0.002,0.011,0.029
avg_187,0.005,0.014,0.04,-0.038,-0.019,-0.014,0.039,-0.026,0.011
avg_188,-0.029,0.021,-0.01,0.008,0.001,0.001,0.042,0.001,0.016
avg_189,-0.004,-0.034,-0.034,-0.026,0.054,-0.0,0.034,-0.03,-0.038
avg_190,0.002,-0.006,-0.038,0.03,0.022,0.002,-0.013,0.041,0.042
avg_191,-0.05,0.011,0.005,0.027,0.016,0.023,0.025,-0.011,0.012
avg_192,0.031,-0.022,0.023,-0.032,-0.019,-0.007,-0.03,-0.038,-0.021
avg_193,-0.042,0.018,0.038,-0.003,-0.001,0.015,-0.037,-0.01,-0.01
avg_194,-0.022,0.003,0.011,-0.018,0.021,-0.061,-0.026,-0.001,0.009
avg_195,-0.012,-0.015,-0.001,0.007,0.033,0.072,0.031,-0.001,0.011
avg_196,-0.017,-0.034,-0.042,-0.042,0.014,-0.021,0.016,0.033,0.022
avg_197,-0.014,0.031,-0.03,0.04,-0.004,0.003,-0.002,0.002,0.04
avg_198,0.028,0.03,-0.016,0.058,0.015,-0.007,-0.029,0.027,0.029
avg_199,0.031,0.003,-0.024,0.051,-0.011,-0.001,-0.024,0.021,-0.032
dev_0,0.019,0.018,-0.003,0.032,0.018,0.019,-0.007,0.002,-0.01
dev_1,-0.001,0.034,0.001,-0.035,0.026,-0.022,0.013,0.033,-0.019
dev_2,-0.01,-0.013,-0.039,-0.003,0.038,-0.012,-0.006,-0.026,-0.024
dev_3,-0.02,0.014,-0.051,0.001,-0.02,-0.033,0.001,-0.01,0.011
dev_4,0.003,0.049,-0.007,0.01,0.005,0.019,-0.013,0.018,-0.024
dev_5,0.013,0.0,-0.02,0.012,0.032,0.026,-0.041,0.006,-0.025
dev_6,-0.006,0.004,-0.002,0.053,-0.025,0.008,-0.038,-0.04,-0.02
dev_7,-0.016,0.028,-0.009,-0.024,0.025,0.025,0.01,-0.028,-0.017
dev_8,-0.025,-0.007,-0.003,0.015,0.034,-0.008,-0.01,-0.01,-0.023
dev_9,0.003,-0.066,0.023,0.055,-0.005,-0.035,0.007,0.022,0.008
dev_10,0.014,-0.02,-0.002,-0.058,0.046,-0.035,0.039,-0.001,-0.011
dev_11,0.025,0.022,0.036,0.016,0.041,-0.018,-0.029,-0.029,0.025
dev_12,0.021,0.066,-0.013,-0.058,0.047,0.051,-0.053,-0.048,0.075
dev_13,-0.024,-0.059,-0.01,-0.006,-0.014,0.001,-0.05,-0.029,-0.012
dev_14,-0.009,-0.011,-0.019,0.026,-0.03,-0.054,-0.025,-0.022,-0.011
dev_15,0.004,0.015,-0.015,0.018,0.009,-0.004,-0.014,0.001,-0.026
dev_16,0.012,-0.022,0.014,0.012,0.019,0.016,-0.01,-0.052,0.003
dev_17,0.018,0.005,0.013,0.033,0.035,-0.009,-0.001,0.018,-0.043
dev_18,0.032,0.034,-0.022,0.028,-0.012,0.011,-0.019,0.002,-0.005
dev_19,-0.011,-0.019,0.003,0.065,-0.014,-0.015,0.02,-0.014,0.032
dev_20,-0.01,-0.01,0.012,0.005,0.04,0.015,-0.049,-0.0,-0.018
dev_21,-0.038,-0.048,0.0,-0.011,0.05,-0.026,0.025,-0.002,0.037
dev_22,-0.015,-0.031,0.02,0.005,-0.006,-0.012,0.007,0.009,0.058
dev_23,0.012,0.052,-0.068,-0.019,0.0,-0.02,-0.034,-0.046,0.041
dev_24,-0.008,0.064,-0.044,-0.02,0.037,0.071,-0.028,0.017,0.02
dev_25,-0.012,-0.064,0.003,0.02,-0.011,-0.028,-0.009,-0.012,0.058
dev_26,-0.021,-0.03,0.016,0.017,0.012,-0.053,0.058,0.058,0.011
dev_27,0.031,-0.035,0.013,0.038,-0.051,0.007,0.048,0.054,-0.029
dev_28,-0.021,-0.006,-0.002,0.064,0.016,-0.025,0.033,-0.003,-0.028
dev_29,0.014,0.014,-0.051,-0.006,0.005,0.004,0.049,-0.026,-0.022
dev_30,0.018,0.007,-0.011,-0.003,0.006,0.018,0.031,-0.005,-0.023
dev_31,-0.023,0.011,-0.005,0.036,0.029,0.018,0.016,-0.009,-0.006
dev_32,0.006,-0.007,0.055,0.011,0.009,-0.043,0.004,-0.018,0.028
dev_33,0.014,0.04,0.028,-0.025,0.037,-0.001,-0.022,0.003,0.025
dev_34,-0.001,0.004,0.059,0.018,0.012,-0.021,-0.014,0.024,-0.027
dev_35,0.011,-0.013,-0.027,-0.011,0.001,0.013,0.029,0.04,-0.022
dev_36,0.003,-0.013,-0.001,0.044,0.015,0.002,0.009,0.013,-0.013
dev_37,0.011,-0.024,-0.037,-0.006,0.01,-0.052,-0.019,0.007,-0.014
dev_38,-0.036,0.024,-0.009,0.007,0.026,0.036,-0.034,-0.03,-0.001
dev_39,0.038,-0.027,-0.028,-0.013,0.016,0.013,-0.016,-0.047,0.007
dev_40,0.023,-0.001,0.036,0.018,0.005,-0.037,-0.05,-0.02,0.017
dev_41,-0.003,-0.03,-0.026,0.02,-0.004,-0.055,0.008,0.019,-0.013
dev_42,0.032,-0.046,0.002,0.019,-0.017,0.006,0.045,-0.024,-0.025
dev_43,0.037,-0.01,-0.024,-0.001,0.008,0.011,-0.011,-0.053,-0.025
dev_44,0.01,-0.006,0.038,0.033,-0.006,-0.006,-0.004,0.015,0.02
dev_45,0.016,-0.035,0.032,0.01,0.01,0.003,-0.002,0.038,-0.018
dev_46,0.008,-0.054,0.018,-0.001,-0.002,0.022,-0.01,-0.041,-0.0
dev_47,-0.032,-0.0,-0.016,-0.038,-0.039,0.007,-0.0,0.002,-0.011
dev_48,0.004,-0.026,0.009,0.05,-0.048,-0.021,0.077,-0.004,-0.053
dev_49,-0.019,-0.029,-0.013,0.005,-0.027,-0.001,-0.019,-0.001,0.029
dev_50,0.03,-0.024,0.054,0.059,0.01,-0.041,0.006,0.005,0.005
dev_51,0.035,-0.034,0.005,-0.014,0.021,-0.018,-0.017,-0.009,-0.025
dev_52,0.018,0.011,-0.043,0.037,-0.009,-0.016,-0.03,0.008,0.018
dev_53,0.04,0.01,-0.027,-0.031,0.036,-0.013,0.014,0.028,-0.016
dev_54,-0.018,0.0,0.018,0.019,0.013,-0.047,0.013,-0.002,-0.023
dev_55,0.01,-0.003,-0.044,-0.013,0.014,0.004,-0.035,0.006,-0.01
dev_56,0.005,-0.014,0.017,0.014,0.021,-0.019,-0.002,-0.056,0.047
dev_57,-0.002,0.006,-0.057,-0.023,-0.018,-0.015,-0.046,0.002,-0.011
dev_58,0.023,0.001,-0.044,-0.001,-0.016,-0.03,-0.003,0.012,-0.012
dev_59,0.032,-0.032,-0.01,0.005,0.008,0.023,0.012,-0.033,0.024
dev_60,-0.01,-0.046,0.045,0.06,-0.001,0.001,0.009,-0.022,-0.044
dev_61,0.006,0.004,-0.038,-0.002,0.027,0.012,-0.002,-0.06,0.069
dev_62,0.013,-0.037,0.037,0.049,0.024,-0.018,0.011,0.009,0.013
dev_63,-0.001,0.033,-0.005,-0.019,0.027,-0.012,0.018,0.033,-0.014
dev_64,-0.004,-0.019,0.003,-0.018,0.007,-0.008,0.026,0.034,0.007
dev_65,0.006,0.045,-0.003,0.044,-0.026,-0.022,0.015,-0.001,0.023
dev_66,0.005,0.052,-0.001,0.028,-0.01,-0.024,-0.015,0.022,0.015
dev_67,0.008,-0.035,0.066,0.051,-0.002,0.035,-0.06,-0.008,-0.031
dev_68,-0.032,-0.033,0.016,0.009,0.035,-0.034,0.023,0.007,-0.011
dev_69,-0.003,-0.021,-0.031,0.001,0.048,0.038,0.006,0.006,-0.045
dev_70,0.035,-0.007,-0.002,-0.007,-0.018,-0.026,0.085,0.054,-0.043
dev_71,-0.04,-0.027,0.006,0.046,0.038,-0.003,0.036,-0.012,0.033
dev_72,-0.001,0.019,-0.047,0.015,-0.012,-0.045,-0.015,0.01,0.001
dev_73,-0.012,0.054,-0.035,0.015,0.038,0.021,0.015,-0.003,-0.019
dev_74,-0.05,-0.013,-0.024,-0.004,0.026,-0.023,0.023,0.007,0.02
dev_75,0.004,-0.052,0.058,0.036,0.004,-0.018,-0.035,-0.031,-0.002
dev_76,-0.024,-0.023,-0.033,-0.018,0.015,-0.023,0.009,0.033,0.007
dev_77,-0.011,-0.012,0.009,-0.009,0.062,0.006,-0.013,0.007,0.0
dev_78,-0.028,-0.064,0.003,-0.001,-0.023,0.028,-0.05,-0.027,0.039
dev_79,0.028,0.043,-0.042,0.024,-0.032,-0.014,-0.014,-0.009,0.043
dev_80,0.038,0.042,0.011,-0.039,0.065,0.022,-0.035,0.004,-0.05
dev_81,-0.002,0.067,-0.008,-0.027,0.047,0.016,-0.022,0.001,-0.007
dev_82,0.033,-0.017,-0.005,0.001,-0.011,0.041,0.021,0.039,-0.021
dev_83,0.023,0.022,-0.012,-0.019,0.01,-0.027,0.039,-0.02,0.05
dev_84,0.01,0.014,-0.024,0.013,-0.03,-0.014,0.052,0.048,-0.02
dev_85,0.013,0.012,0.002,0.014,-0.024,0.004,-0.022,0.02,-0.021
dev_86,0.05,0.056,-0.016,0.038,-0.006,0.029,0.013,0.009,0.02
dev_87,-0.025,-0.018,-0.02,0.015,0.041,0.0,0.018,0.025,0.001
dev_88,-0.02,-0.003,-0.04,0.0,-0.003,-0.037,0.014,0.029,-0.036
dev_89,-0.003,0.024,-0.019,0.05,-0.05,-0.013,0.025,0.05,-0.046
dev_90,-0.027,0.006,0.046,0.029,-0.002,-0.03,0.006,-0.012,0.016
dev_91,0.034,0.076,-0.029,-0.002,0.039,-0.027,-0.017,0.026,-0.018
dev_92,-0.007,-0.019,-0.003,0.033,-0.017,-0.01,-0.031,-0.054,-0.023
dev_93,-0.022,-0.052,0.025,0.056,0.022,0.049,-0.049,-0.048,0.019
dev_94,-0.021,0.055,-0.002,-0.03,0.047,-0.019,0.024,0.017,0.003
dev_95,0.008,0.039,0.008,0.034,-0.011,-0.015,0.02,0.003,0.036
dev_96,-0.001,-0.01,0.022,-0.017,0.001,0.059,-0.016,0.015,-0.033
dev_97,-0.002,0.045,-0.018,-0.08,0.034,0.002,-0.012,-0.017,0.002
dev_98,-0.012,0.025,-0.014,-0.047,0.027,0.034,-0.015,0.006,0.021
dev_99,0.012,-0.035,-0.032,-0.009,0.004,-0.032,0.008,0.031,-0.026
dev_100,0.044,-0.01,-0.002,-0.013,0.034,0.009,-0.023,-0.017,-0.025
dev_101,-0.034,-0.06,0.044,0.014,-0.026,-0.016,-0.014,-0.008,0.006
dev_102,-0.004,0.028,-0.035,0.01,-0.013,0.01,-0.02,-0.049,0.068
dev_103,0.034,-0.015,-0.04,-0.016,0.01,0.015,-0.021,-0.065,-0.001
dev_104,-0.02,-0.023,-0.024,0.048,-0.037,-0.059,0.028,0.002,0.026
dev_105,0.013,0.013,0.002,0.053,-0.022,0.015,-0.013,0.022,-0.003
dev_106,-0.021,0.004,-0.017,-0.015,0.024,-0.011,0.014,0.03,-0.053
dev_107,-0.009,-0.011,0.002,0.038,-0.042,0.028,-0.004,0.053,-0.033
dev_108,0.014,-0.046,-0.037,0.002,0.013,-0.016,0.02,0.019,0.003
dev_109,0.005,0.001,-0.043,0.019,-0.017,0.012,-0.039,-0.023,-0.034
dev_110,0.022,0.023,-0.026,0.018,-0.01,-0.026,0.026,0.018,0.027
dev_111,0.004,0.053,-0.032,-0.013,0.018,-0.001,-0.028,-0.003,0.02
dev_112,0.038,0.005,0.019,0.014,0.027,-0.014,0.017,-0.01,-0.033
dev_113,-0.024,-0.063,-0.019,0.01,-0.049,-0.027,-0.019,-0.006,0.007
dev_114,-0.031,-0.017,-0.018,-0.026,-0.033,0.005,0.008,-0.018,-0.008
dev_115,0.016,0.029,-0.011,-0.036,0.044,0.017,-0.01,0.01,0.045
dev_116,0.015,0.007,0.029,0.012,0.027,-0.008,0.027,-0.008,0.003
dev_117,0.024,0.028,-0.042,0.012,-0.004,0.007,0.004,-0.025,0.04
dev_118,-0.009,0.035,-0.011,-0.022,-0.032,0.017,-0.004,-0.002,0.018
dev_119,-0.001,-0.029,-0.008,0.028,0.004,0.032,-0.01,-0.05,0.039
dev_120,0.021,-0.012,0.006,-0.004,-0.005,0.03,0.007,0.077,-0.055
dev_121,-0.014,0.013,0.009,0.047,0.001,-0.005,0.038,-0.001,0.027
dev_122,-0.02,-0.006,-0.042,-0.002,-0.025,-0.026,-0.019,-0.041,-0.001
dev_123,0.022,-0.026,0.02,0.041,0.006,-0.048,-0.005,0.048,0.01
dev_124,0.007,0.002,0.004,0.032,0.018,0.017,-0.027,-0.038,0.028
dev_125,0.007,0.001,0.021,-0.01,0.039,-0.023,-0.024,-0.027,-0.003
dev_126,0.032,0.066,-0.032,0.006,0.014,0.036,0.016,0.007,0.007
dev_127,-0.025,-0.012,0.017,0.036,0.036,-0.01,0.041,0.009,0.01
dev_128,-0.018,0.015,-0.035,0.02,-0.006,-0.007,0.02,-0.019,0.037
dev_129,0.012,0.052,-0.073,-0.054,-0.021,-0.005,0.033,-0.001,-0.003
dev_130,0.028,-0.001,-0.023,0.04,0.01,-0.034,0.021,0.018,-0.013
dev_131,-0.004,-0.014,-0.022,-0.007,0.029,0.002,0.023,0.02,0.027
dev_132,0.019,-0.035,-0.011,-0.001,-0.006,0.038,0.011,0.036,-0.037
dev_133,0.008,0.011,-0.01,-0.011,0.02,-0.001,0.009,0.0,0.034
dev_134,0.024,-0.008,0.038,0.02,0.021,-0.042,-0.036,-0.017,0.003
dev_135,-0.011,-0.003,-0.047,-0.018,-0.007,-0.03,-0.02,-0.011,-0.001
dev_136,-0.017,0.04,-0.01,-0.011,0.019,-0.005,0.013,-0.002,0.002
dev_137,0.003,0.011,-0.014,0.026,-0.003,-0.031,-0.014,-0.018,0.048
dev_138,0.012,-0.063,0.007,0.013,0.017,0.025,0.016,-0.064,0.016
dev_139,-0.019,0.011,-0.022,-0.002,-0.006,-0.023,-0.021,0.002,0.018
dev_140,0.002,-0.041,0.004,0.042,0.016,0.011,-0.037,-0.029,0.004
dev_141,0.004,-0.044,0.014,0.063,-0.02,0.007,0.015,0.014,0.044
dev_142,-0.011,-0.009,0.044,0.04,-0.015,-0.009,-0.005,-0.023,0.03
dev_143,-0.003,-0.013,-0.005,0.042,0.009,-0.019,-0.001,-0.036,0.038
dev_144,0.006,0.009,0.023,-0.003,0.018,0.024,-0.031,0.005,-0.003
dev_145,0.003,0.022,0.022,-0.018,0.054,0.006,-0.04,-0.025,0.014
dev_146,0.015,-0.029,-0.009,-0.023,0.024,0.012,0.011,-0.028,0.049
dev_147,0.005,-0.029,-0.024,-0.015,0.039,-0.009,-0.041,-0.033,-0.017
dev_148,0.0,0.007,0.024,-0.026,0.023,-0.019,0.001,0.019,0.031
dev_149,-0.006,-0.006,-0.006,0.079,-0.051,-0.052,0.021,-0.013,0.007
dev_150,-0.005,0.021,-0.037,-0.017,0.01,-0.011,0.019,0.015,-0.003
dev_151,0.026,0.071,-0.032,-0.01,0.022,-0.015,-0.005,-0.008,0.051
dev_152,-0.014,-0.004,0.01,0.054,-0.001,0.0,0.002,-0.015,0.032
dev_153,0.015,0.015,0.002,0.01,-0.001,-0.038,0.003,0.005,-0.057
dev_154,-0.002,-0.072,0.0,0.004,-0.013,-0.014,-0.025,-0.079,0.034
dev_155,-0.016,0.018,-0.028,0.031,-0.055,-0.039,0.013,0.012,0.012
dev_156,0.013,-0.017,0.0,-0.003,0.032,-0.007,-0.066,-0.007,0.023
dev_157,-0.014,0.034,-0.029,0.033,-0.002,0.015,-0.015,-0.016,0.006
dev_158,-0.008,-0.012,0.02,-0.035,-0.002,0.022,0.015,-0.011,-0.008
dev_159,0.008,-0.017,-0.03,-0.006,0.022,0.008,-0.026,-0.043,-0.0
dev_160,-0.001,-0.011,0.006,0.015,-0.006,-0.019,0.005,0.01,0.001
dev_161,-0.001,-0.026,-0.051,-0.022,0.025,-0.016,-0.004,0.029,0.003
dev_162,0.006,0.044,-0.032,0.015,0.035,0.002,-0.004,-0.028,-0.038
dev_163,0.015,0.032,-0.02,0.0,0.016,-0.017,-0.025,-0.003,0.009
dev_164,-0.035,-0.016,-0.018,-0.005,-0.021,-0.019,0.018,0.033,0.005
dev_165,-0.007,-0.045,-0.017,0.023,-0.03,-0.038,-0.015,-0.039,0.038
dev_166,-0.003,0.028,-0.043,0.012,0.064,0.022,-0.005,0.033,-0.016
dev_167,0.013,-0.036,-0.042,-0.004,0.025,-0.007,0.019,0.029,-0.036
dev_168,0.016,-0.003,-0.02,0.02,0.037,0.026,-0.045,-0.01,-0.04
dev_169,0.013,-0.039,0.009,0.022,0.01,0.039,-0.024,-0.056,0.049
dev_170,-0.0,-0.015,-0.046,-0.025,-0.033,0.029,-0.044,0.01,-0.02
dev_171,-0.003,-0.029,0.004,0.017,0.019,0.005,-0.014,0.031,-0.017
dev_172,-0.028,-0.024,-0.018,0.016,0.042,-0.007,0.023,0.05,-0.018
dev_173,-0.001,0.009,-0.012,0.017,-0.015,-0.032,0.03,0.035,0.01
dev_174,-0.011,0.025,-0.032,0.035,-0.023,-0.037,0.055,0.001,-0.029
dev_175,-0.022,0.04,0.012,-0.019,0.029,0.015,-0.009,-0.017,-0.007
dev_176,0.0,-0.013,0.02,0.035,-0.027,-0.053,0.043,-0.014,0.063
dev_177,-0.002,-0.016,-0.028,0.029,-0.011,0.051,-0.045,0.047,0.019
dev_178,-0.037,-0.06,-0.014,0.025,0.002,-0.025,-0.008,0.022,-0.01
dev_179,0.012,-0.042,-0.03,-0.018,0.019,0.025,-0.02,-0.033,0.048
dev_180,-0.022,-0.06,-0.007,0.044,-0.012,-0.023,0.026,-0.031,-0.006
dev_181,0.037,0.001,-0.039,-0.018,0.037,0.046,-0.008,-0.028,0.022
dev_182,-0.01,0.017,-0.02,0.027,-0.05,0.03,-0.04,-0.013,-0.028
dev_183,-0.04,-0.008,-0.007,0.028,0.037,-0.008,0.038,0.011,0.023
dev_184,-0.037,-0.004,-0.017,0.021,0.037,-0.01,0.034,-0.006,0.006
dev_185,0.005,0.027,-0.007,-0.054,0.06,0.032,-0.002,0.008,0.026
dev_186,-0.001,0.001,-0.012,0.023,-0.017,0.007,0.016,-0.015,0.003
dev_187,0.02,-0.03,-0.003,0.014,0.04,0.021,-0.064,-0.02,-0.01
dev_188,-0.048,-0.052,0.022,0.036,0.027,0.011,-0.001,0.011,0.015
dev_189,0.034,0.006,-0.018,0.016,0.008,0.043,-0.017,-0.005,-0.018
dev_190,0.023,-0.01,0.027,0.013,0.015,-0.025,-0.02,-0.021,0.03
dev_191,-0.023,0.046,-0.071,-0.018,0.049,0.017,-0.025,-0.031,-0.009
dev_192,-0.024,-0.006,0.007,0.044,0.027,0.014,-0.001,-0.036,0.027
dev_193,0.05,0.094,-0.053,0.012,-0.005,0.011,0.022,0.052,-0.026
dev_194,-0.01,-0.077,-0.012,0.002,0.004,0.003,0.015,-0.025,0.015
dev_195,-0.034,-0.075,0.009,0.003,-0.01,-0.053,0.021,0.003,0.019
dev_196,0.011,0.013,0.037,0.047,-0.002,-0.032,-0.005,0.011,-0.008
dev_197,-0.009,-0.035,0.032,0.084,-0.015,-0.007,0.005,-0.073,0.016
dev_198,0.014,-0.022,-0.006,0.047,-0.009,0.0,-0.008,0.016,0.009
dev_199,0.02,0.025,-0.026,0.015,-0.006,0.003,-0.044,0.009,0.011
range_0,0.019,0.018,-0.003,0.032,0.018,0.019,-0.007,0.002,-0.01
range_1,-0.001,0.034,0.001,-0.035,0.026,-0.022,0.013,0.033,-0.019
range_2,-0.01,-0.013,-0.039,-0.003,0.038,-0.012,-0.006,-0.026,-0.024
range_3,-0.02,0.014,-0.051,0.001,-0.02,-0.033,0.001,-0.01,0.011
range_4,0.003,0.049,-0.007,0.01,0.005,0.019,-0.013,0.018,-0.024
range_5,0.013,0.0,-0.02,0.012,0.032,0.026,-0.041,0.006,-0.025
range_6,-0.006,0.004,-0.002,0.053,-0.025,0.008,-0.038,-0.04,-0.02
range_7,-0.016,0.028,-0.009,-0.024,0.025,0.025,0.01,-0.028,-0.017
range_8,-0.025,-0.007,-0.003,0.015,0.034,-0.008,-0.01,-0.01,-0.023
range_9,0.003,-0.066,0.023,0.055,-0.005,-0.035,0.007,0.022,0.008
range_10,0.014,-0.02,-0.002,-0.058,0.046,-0.035,0.039,-0.001,-0.011
range_11,0.025,0.022,0.036,0.016,0.041,-0.018,-0.029,-0.029,0.025
range_12,0.021,0.066,-0.013,-0.058,0.047,0.051,-0.053,-0.048,0.075
range_13,-0.024,-0.059,-0.01,-0.006,-0.014,0.001,-0.05,-0.029,-0.012
range_14,-0.009,-0.011,-0.019,0.026,-0.03,-0.054,-0.025,-0.022,-0.011
range_15,0.004,0.015,-0.015,0.018,0.009,-0.004,-0.014,0.001,-0.026
range_16,0.012,-0.022,0.014,0.012,0.019,0.016,-0.01,-0.052,0.003
range_17,0.018,0.005,0.013,0.033,0.035,-0.009,-0.001,0.018,-0.043
range_18,0.032,0.034,-0.022,0.028,-0.012,0.011,-0.019,0.002,-0.005
range_19,-0.011,-0.019,0.003,0.065,-0.014,-0.015,0.02,-0.014,0.032
range_20,-0.01,-0.01,0.012,0.005,0.04,0.015,-0.049,-0.0,-0.018
range_21,-0.038,-0.048,0.0,-0.011,0.05,-0.026,0.025,-0.002,0.037
range_22,-0.015,-0.031,0.02,0.005,-0.006,-0.012,0.007,0.009,0.058
range_23,0.012,0.052,-0.068,-0.019,0.0,-0.02,-0.034,-0.046,0.041
range_24,-0.008,0.064,-0.044,-0.02,0.037,0.071,-0.028,0.017,0.02
range_25,-0.012,-0.064,0.003,0.02,-0.011,-0.028,-0.009,-0.012,0.058
range_26,-0.021,-0.03,0.016,0.017,0.012,-0.053,0.058,0.058,0.011
range_27,0.031,-0.035,0.013,0.038,-0.051,0.007,0.048,0.054,-0.029
range_28,-0.021,-0.006,-0.002,0.064,0.016,-0.025,0.033,-0.003,-0.028
range_29,0.014,0.014,-0.051,-0.006,0.005,0.004,0.049,-0.026,-0.022
range_30,0.018,0.007,-0.011,-0.003,0.006,0.018,0.031,-0.005,-0.023
range_31,-0.023,0.011,-0.005,0.036,0.029,0.018,0.016,-0.009,-0.006
range_32,0.006,-0.007,0.055,0.011,0.009,-0.043,0.004,-0.018,0.028
range_33,0.014,0.04,0.028,-0.025,0.037,-0.001,-0.022,0.003,0.025
range_34,-0.001,0.004,0.059,0.018,0.012,-0.021,-0.014,0.024,-0.027
range_35,0.011,-0.013,-0.027,-0.011,0.001,0.013,0.029,0.04,-0.022
range_36,0.003,-0.013,-0.001,0.044,0.015,0.002,0.009,0.013,-0.013
range_37,0.011,-0.024,-0.037,-0.006,0.01,-0.052,-0.019,0.007,-0.014
range_38,-0.036,0.024,-0.009,0.007,0.026,0.036,-0.034,-0.03,-0.001
range_39,0.038,-0.027,-0.028,-0.013,0.016,0.013,-0.016,-0.047,0.007
range_40,0.023,-0.001,0.036,0.018,0.005,-0.037,-0.05,-0.02,0.017
range_41,-0.003,-0.03,-0.026,0.02,-0.004,-0.055,0.008,0.019,-0.013
range_42,0.032,-0.046,0.002,0.019,-0.017,0.006,0.045,-0.024,-0.025
range_43,0.037,-0.01,-0.024,-0.001,0.008,0.011,-0.011,-0.053,-0.025
range_44,0.01,-0.006,0.038,0.033,-0.006,-0.006,-0.004,0.015,0.02
range_45,0.016,-0.035,0.032,0.01,0.01,0.003,-0.002,0.038,-0.018
range_46,0.008,-0.054,0.018,-0.001,-0.002,0.022,-0.01,-0.041,-0.0
range_47,-0.032,-0.0,-0.016,-0.038,-0.039,0.007,-0.0,0.002,-0.011
range_48,0.004,-0.026,0.009,0.05,-0.048,-0.021,0.077,-0.004,-0.053
range_49,-0.019,-0.029,-0.013,0.005,-0.027,-0.001,-0.019,-0.001,0.029
range_50,0.03,-0.024,0.054,0.059,0.01,-0.041,0.006,0.005,0.005
range_51,0.035,-0.034,0.005,-0.014,0.021,-0.018,-0.017,-0.009,-0.025
range_52,0.018,0.011,-0.043,0.037,-0.009,-0.016,-0.03,0.008,0.018
range_53,0.04,0.01,-0.027,-0.031,0.036,-0.013,0.014,0.028,-0.016
range_54,-0.018,0.0,0.018,0.019,0.013,-0.047,0.013,-0.002,-0.023
range_55,0.01,-0.003,-0.044,-0.013,0.014,0.004,-0.035,0.006,-0.01
range_56,0.005,-0.014,0.017,0.014,0.021,-0.019,-0.002,-0.056,0.047
range_57,-0.002,0.006,-0.057,-0.023,-0.018,-0.015,-0.046,0.002,-0.011
range_58,0.023,0.001,-0.044,-0.001,-0.016,-0.03,-0.003,0.012,-0.012
range_59,0.032,-0.032,-0.01,0.005,0.008,0.023,0.012,-0.033,0.024
range_60,-0.01,-0.046,0.045,0.06,-0.001,0.001,0.009,-0.022,-0.044
range_61,0.006,0.004,-0.038,-0.002,0.027,0.012,-0.002,-0.06,0.069
range_62,0.013,-0.037,0.037,0.049,0.024,-0.018,0.011,0.009,0.013
range_63,-0.001,0.033,-0.005,-0.019,0.027,-0.012,0.018,0.033,-0.014
range_64,-0.004,-0.019,0.003,-0.018,0.007,-0.008,0.026,0.034,0.007
range_65,0.006,0.045,-0.003,0.044,-0.026,-0.022,0.015,-0.001,0.023
range_66,0.005,0.052,-0.001,0.028,-0.01,-0.024,-0.015,0.022,0.015
range_67,0.008,-0.035,0.066,0.051,-0.002,0.035,-0.06,-0.008,-0.031
range_68,-0.032,-0.033,0.016,0.009,0.035,-0.034,0.023,0.007,-0.011
range_69,-0.003,-0.021,-0.031,0.001,0.048,0.038,0.006,0.006,-0.045
range_70,0.035,-0.007,-0.002,-0.007,-0.018,-0.026,0.085,0.054,-0.043
range_71,-0.04,-0.027,0.006,0.046,0.038,-0.003,0.036,-0.012,0.033
range_72,-0.001,0.019,-0.047,0.015,-0.012,-0.045,-0.015,0.01,0.001
range_73,-0.012,0.054,-0.035,0.015,0.038,0.021,0.015,-0.003,-0.019
range_74,-0.05,-0.013,-0.024,-0.004,0.026,-0.023,0.023,0.007,0.02
range_75,0.004,-0.052,0.058,0.036,0.004,-0.018,-0.035,-0.031,-0.002
range_76,-0.024,-0.023,-0.033,-0.018,0.015,-0.023,0.009,0.033,0.007
range_77,-0.011,-0.012,0.009,-0.009,0.062,0.006,-0.013,0.007,0.0
range_78,-0.028,-0.064,0.003,-0.001,-0.023,0.028,-0.05,-0.027,0.039
range_79,0.028,0.043,-0.042,0.024,-0.032,-0.014,-0.014,-0.009,0.043
range_80,0.038,0.042,0.011,-0.039,0.065,0.022,-0.035,0.004,-0.05
range_81,-0.002,0.067,-0.008,-0.027,0.047,0.016,-0.022,0.001,-0.007
range_82,0.033,-0.017,-0.005,0.001,-0.011,0.041,0.021,0.039,-0.021
range_83,0.023,0.022,-0.012,-0.019,0.01,-0.027,0.039,-0.02,0.05
range_84,0.01,0.014,-0.024,0.013,-0.03,-0.014,0.052,0.048,-0.02
range_85,0.013,0.012,0.002,0.014,-0.024,0.004,-0.022,0.02,-0.021
range_86,0.05,0.056,-0.016,0.038,-0.006,0.029,0.013,0.009,0.02
range_87,-0.025,-0.018,-0.02,0.015,0.041,0.0,0.018,0.025,0.001
range_88,-0.02,-0.003,-0.04,0.0,-0.003,-0.037,0.014,0.029,-0.036
range_89,-0.003,0.024,-0.019,0.05,-0.05,-0.013,0.025,0.05,-0.046
range_90,-0.027,0.006,0.046,0.029,-0.002,-0.03,0.006,-0.012,0.016
range_91,0.034,0.076,-0.029,-0.002,0.039,-0.027,-0.017,0.026,-0.018
range_92,-0.007,-0.019,-0.003,0.033,-0.017,-0.01,-0.031,-0.054,-0.023
range_93,-0.022,-0.052,0.025,0.056,0.022,0.049,-0.049,-0.048,0.019
range_94,-0.021,0.055,-0.002,-0.03,0.047,-0.019,0.024,0.017,0.003
range_95,0.008,0.039,0.008,0.034,-0.011,-0.015,0.02,0.003,0.036
range_96,-0.001,-0.01,0.022,-0.017,0.001,0.059,-0.016,0.015,-0.033
range_97,-0.002,0.045,-0.018,-0.08,0.034,0.002,-0.012,-0.017,0.002
range_98,-0.012,0.025,-0.014,-0.047,0.027,0.034,-0.015,0.006,0.021
range_99,0.012,-0.035,-0.032,-0.009,0.004,-0.032,0.008,0.031,-0.026
range_100,0.044,-0.01,-0.002,-0.013,0.034,0.009,-0.023,-0.017,-0.025
range_101,-0.034,-0.06,0.044,0.014,-0.026,-0.016,-0.014,-0.008,0.006
range_102,-0.004,0.028,-0.035,0.01,-0.013,0.01,-0.02,-0.049,0.068
range_103,0.034,-0.015,-0.04,-0.016,0.01,0.015,-0.021,-0.065,-0.001
range_104,-0.02,-0.023,-0.024,0.048,-0.037,-0.059,0.028,0.002,0.026
range_105,0.013,0.013,0.002,0.053,-0.022,0.015,-0.013,0.022,-0.003
range_106,-0.021,0.004,-0.017,-0.015,0.024,-0.011,0.014,0.03,-0.053
range_107,-0.009,-0.011,0.002,0.038,-0.042,0.028,-0.004,0.053,-0.033
range_108,0.014,-0.046,-0.037,0.002,0.013,-0.016,0.02,0.019,0.003
range_109,0.005,0.001,-0.043,0.019,-0.017,0.012,-0.039,-0.023,-0.034
range_110,0.022,0.023,-0.026,0.018,-0.01,-0.026,0.026,0.018,0.027
range_111,0.004,0.053,-0.032,-0.013,0.018,-0.001,-0.028,-0.003,0.02
range_112,0.038,0.005,0.019,0.014,0.027,-0.014,0.017,-0.01,-0.033
range_113,-0.024,-0.063,-0.019,0.01,-0.049,-0.027,-0.019,-0.006,0.007
range_114,-0.031,-0.017,-0.018,-0.026,-0.033,0.005,0.008,-0.018,-0.008
range_115,0.016,0.029,-0.011,-0.036,0.044,0.017,-0.01,0.01,0.045
range_116,0.015,0.007,0.029,0.012,0.027,-0.008,0.027,-0.008,0.003
range_117,0.024,0.028,-0.042,0.012,-0.004,0.007,0.004,-0.025,0.04
range_118,-0.009,0.035,-0.011,-0.022,-0.032,0.017,-0.004,-0.002,0.018
range_119,-0.001,-0.029,-0.008,0.028,0.004,0.032,-0.01,-0.05,0.039
range_120,0.021,-0.012,0.006,-0.004,-0.005,0.03,0.007,0.077,-0.055
range_121,-0.014,0.013,0.009,0.047,0.001,-0.005,0.038,-0.001,0.027
range_122,-0.02,-0.006,-0.042,-0.002,-0.025,-0.026,-0.019,-0.041,-0.001
range_123,0.022,-0.026,0.02,0.041,0.006,-0.048,-0.005,0.048,0.01
range_124,0.007,0.002,0.004,0.032,0.018,0.017,-0.027,-0.038,0.028
range_125,0.007,0.001,0.021,-0.01,0.039,-0.023,-0.024,-0.027,-0.003
range_126,0.032,0.066,-0.032,0.006,0.014,0.036,0.016,0.007,0.007
range_127,-0.025,-0.012,0.017,0.036,0.036,-0.01,0.041,0.009,0.01
range_128,-0.018,0.015,-0.035,0.02,-0.006,-0.007,0.02,-0.019,0.037
range_129,0.012,0.052,-0.073,-0.054,-0.021,-0.005,0.033,-0.001,-0.003
range_130,0.028,-0.001,-0.023,0.04,0.01,-0.034,0.021,0.018,-0.013
range_131,-0.004,-0.014,-0.022,-0.007,0.029,0.002,0.023,0.02,0.027
range_132,0.019,-0.035,-0.011,-0.001,-0.006,0.038,0.011,0.036,-0.037
range_133,0.008,0.011,-0.01,-0.011,0.02,-0.001,0.009,0.0,0.034
range_134,0.024,-0.008,0.038,0.02,0.021,-0.042,-0.036,-0.017,0.003
range_135,-0.011,-0.003,-0.047,-0.018,-0.007,-0.03,-0.02,-0.011,-0.001
range_136,-0.017,0.04,-0.01,-0.011,0.019,-0.005,0.013,-0.002,0.002
range_137,0.003,0.011,-0.014,0.026,-0.003,-0.031,-0.014,-0.018,0.048
range_138,0.012,-0.063,0.007,0.013,0.017,0.025,0.016,-0.064,0.016
range_139,-0.019,0.011,-0.022,-0.002,-0.006,-0.023,-0.021,0.002,0.018
range_140,0.002,-0.041,0.004,0.042,0.016,0.011,-0.037,-0.029,0.004
range_141,0.004,-0.044,0.014,0.063,-0.02,0.007,0.015,0.014,0.044
range_142,-0.011,-0.009,0.044,0.04,-0.015,-0.009,-0.005,-0.023,0.03
range_143,-0.003,-0.013,-0.005,0.042,0.009,-0.019,-0.001,-0.036,0.038
range_144,0.006,0.009,0.023,-0.003,0.018,0.024,-0.031,0.005,-0.003
range_145,0.003,0.022,0.022,-0.018,0.054,0.006,-0.04,-0.025,0.014
range_146,0.015,-0.029,-0.009,-0.023,0.024,0.012,0.011,-0.028,0.049
range_147,0.005,-0.029,-0.024,-0.015,0.039,-0.009,-0.041,-0.033,-0.017
range_148,0.0,0.007,0.024,-0.026,0.023,-0.019,0.001,0.019,0.031
range_149,-0.006,-0.006,-0.006,0.079,-0.051,-0.052,0.021,-0.013,0.007
range_150,-0.005,0.021,-0.037,-0.017,0.01,-0.011,0.019,0.015,-0.003
range_151,0.026,0.071,-0.032,-0.01,0.022,-0.015,-0.005,-0.008,0.051
range_152,-0.014,-0.004,0.01,0.054,-0.001,0.0,0.002,-0.015,0.032
range_153,0.015,0.015,0.002,0.01,-0.001,-0.038,0.003,0.005,-0.057
range_154,-0.002,-0.072,0.0,0.004,-0.013,-0.014,-0.025,-0.079,0.034
range_155,-0.016,0.018,-0.028,0.031,-0.055,-0.039,0.013,0.012,0.012
range_156,0.013,-0.017,0.0,-0.003,0.032,-0.007,-0.066,-0.007,0.023
range_157,-0.014,0.034,-0.029,0.033,-0.002,0.015,-0.015,-0.016,0.006
range_158,-0.008,-0.012,0.02,-0.035,-0.002,0.022,0.015,-0.011,-0.008
range_159,0.008,-0.017,-0.03,-0.006,0.022,0.008,-0.026,-0.043,-0.0
range_160,-0.001,-0.011,0.006,0.015,-0.006,-0.019,0.005,0.01,0.001
range_161,-0.001,-0.026,-0.051,-0.022,0.025,-0.016,-0.004,0.029,0.003
range_162,0.006,0.044,-0.032,0.015,0.035,0.002,-0.004,-0.028,-0.038
range_163,0.015,0.032,-0.02,0.0,0.016,-0.017,-0.025,-0.003,0.009
range_164,-0.035,-0.016,-0.018,-0.005,-0.021,-0.019,0.018,0.033,0.005
range_165,-0.007,-0.045,-0.017,0.023,-0.03,-0.038,-0.015,-0.039,0.038
range_166,-0.003,0.028,-0.043,0.012,0.064,0.022,-0.005,0.033,-0.016
range_167,0.013,-0.036,-0.042,-0.004,0.025,-0.007,0.019,0.029,-0.036
range_168,0.016,-0.003,-0.02,0.02,0.037,0.026,-0.045,-0.01,-0.04
range_169,0.013,-0.039,0.009,0.022,0.01,0.039,-0.024,-0.056,0.049
range_170,-0.0,-0.015,-0.046,-0.025,-0.033,0.029,-0.044,0.01,-0.02
range_171,-0.003,-0.029,0.004,0.017,0.019,0.005,-0.014,0.031,-0.017
range_172,-0.028,-0.024,-0.018,0.016,0.042,-0.007,0.023,0.05,-0.018
range_173,-0.001,0.009,-0.012,0.017,-0.015,-0.032,0.03,0.035,0.01
range_174,-0.011,0.025,-0.032,0.035,-0.023,-0.037,0.055,0.001,-0.029
range_175,-0.022,0.04,0.012,-0.019,0.029,0.015,-0.009,-0.017,-0.007
range_176,0.0,-0.013,0.02,0.035,-0.027,-0.053,0.043,-0.014,0.063
range_177,-0.002,-0.016,-0.028,0.029,-0.011,0.051,-0.045,0.047,0.019
range_178,-0.037,-0.06,-0.014,0.025,0.002,-0.025,-0.008,0.022,-0.01
range_179,0.012,-0.042,-0.03,-0.018,0.019,0.025,-0.02,-0.033,0.048
range_180,-0.022,-0.06,-0.007,0.044,-0.012,-0.023,0.026,-0.031,-0.006
range_181,0.037,0.001,-0.039,-0.018,0.037,0.046,-0.008,-0.028,0.022
range_182,-0.01,0.017,-0.02,0.027,-0.05,0.03,-0.04,-0.013,-0.028
range_183,-0.04,-0.008,-0.007,0.028,0.037,-0.008,0.038,0.011,0.023
range_184,-0.037,-0.004,-0.017,0.021,0.037,-0.01,0.034,-0.006,0.006
range_185,0.005,0.027,-0.007,-0.054,0.06,0.032,-0.002,0.008,0.026
range_186,-0.001,0.001,-0.012,0.023,-0.017,0.007,0.016,-0.015,0.003
range_187,0.02,-0.03,-0.003,0.014,0.04,0.021,-0.064,-0.02,-0.01
range_188,-0.048,-0.052,0.022,0.036,0.027,0.011,-0.001,0.011,0.015
range_189,0.034,0.006,-0.018,0.016,0.008,0.043,-0.017,-0.005,-0.018
range_190,0.023,-0.01,0.027,0.013,0.015,-0.025,-0.02,-0.021,0.03
range_191,-0.023,0.046,-0.071,-0.018,0.049,0.017,-0.025,-0.031,-0.009
range_192,-0.024,-0.006,0.007,0.044,0.027,0.014,-0.001,-0.036,0.027
range_193,0.05,0.094,-0.053,0.012,-0.005,0.011,0.022,0.052,-0.026
range_194,-0.01,-0.077,-0.012,0.002,0.004,0.003,0.015,-0.025,0.015
range_195,-0.034,-0.075,0.009,0.003,-0.01,-0.053,0.021,0.003,0.019
range_196,0.011,0.013,0.037,0.047,-0.002,-0.032,-0.005,0.011,-0.008
range_197,-0.009,-0.035,0.032,0.084,-0.015,-0.007,0.005,-0.073,0.016
range_198,0.014,-0.022,-0.006,0.047,-0.009,0.0,-0.008,0.016,0.009
range_199,0.02,0.025,-0.026,0.015,-0.006,0.003,-0.044,0.009,0.011
max_0,0.049,0.027,-0.019,0.024,-0.015,-0.01,-0.002,-0.019,-0.052
max_1,-0.003,0.014,-0.054,-0.007,0.002,-0.015,0.034,-0.019,-0.041
max_2,0.009,-0.014,-0.037,-0.008,0.001,-0.01,-0.048,-0.003,-0.024
max_3,0.03,0.016,-0.047,0.02,-0.018,-0.059,0.0,-0.014,0.025
max_4,-0.011,0.055,0.004,0.038,-0.015,0.033,-0.028,0.001,-0.041
max_5,-0.006,-0.009,-0.025,0.007,0.027,-0.025,-0.014,-0.025,-0.025
max_6,0.016,-0.015,-0.023,0.015,0.006,-0.033,-0.033,-0.046,-0.007
max_7,-0.008,0.01,0.01,-0.025,-0.029,0.025,-0.016,0.012,0.023
max_8,-0.036,0.024,0.01,0.02,0.047,-0.009,-0.005,-0.027,-0.029
max_9,-0.019,-0.034,-0.025,0.041,0.0,-0.044,0.007,0.031,-0.008
max_10,-0.009,-0.023,-0.019,-0.05,-0.013,-0.031,-0.027,-0.002,0.017
max_11,0.018,-0.001,-0.015,0.023,0.012,0.02,-0.006,-0.003,0.051
max_12,-0.008,0.044,0.026,-0.035,0.02,0.004,-0.035,-0.008,0.045
max_13,-0.03,-0.017,-0.001,-0.002,-0.05,0.008,-0.006,-0.045,-0.037
max_14,-0.036,0.027,0.009,0.022,-0.024,-0.02,0.026,-0.045,0.009
max_15,0.023,0.053,0.017,0.043,0.023,-0.021,0.011,-0.056,-0.026
max_16,-0.017,0.023,0.026,-0.002,0.027,-0.037,-0.025,-0.023,0.004
max_17,0.015,0.001,0.006,0.014,0.028,0.001,0.037,0.013,0.043
max_18,-0.012,0.011,-0.029,-0.018,-0.008,-0.042,-0.011,-0.049,-0.036
max_19,-0.037,0.007,0.006,0.041,0.024,0.007,0.025,0.003,0.043
max_20,-0.018,0.022,0.006,-0.002,0.018,-0.047,-0.013,-0.038,-0.017
max_21,-0.001,0.005,-0.02,-0.015,-0.031,-0.04,-0.002,-0.043,0.043
max_22,0.013,0.003,0.033,0.018,0.008,-0.028,-0.004,0.008,0.07
max_23,0.013,-0.01,-0.063,-0.023,0.017,-0.033,-0.024,-0.029,0.012
max_24,0.035,0.051,-0.001,0.005,0.017,0.035,-0.044,0.058,0.001
max_25,-0.015,-0.022,0.002,0.04,-0.039,0.004,0.023,-0.012,-0.001
max_26,-0.029,-0.025,0.022,0.033,0.061,-0.035,0.064,0.062,-0.021
max_27,0.045,-0.036,0.002,-0.003,-0.025,-0.004,0.058,0.031,-0.002
max_28,0.03,-0.021,0.007,0.019,0.01,-0.028,0.02,0.01,-0.006
max_29,-0.032,0.023,-0.045,0.017,0.0,-0.019,0.002,-0.026,-0.017
max_30,0.037,-0.015,-0.023,-0.029,-0.016,0.019,0.033,-0.015,-0.001
max_31,0.024,0.021,0.021,0.02,-0.021,0.012,0.031,0.05,0.031
max_32,0.008,-0.029,0.007,0.026,-0.01,-0.01,-0.013,-0.0,0.064
max_33,0.005,0.034,0.042,-0.037,0.016,-0.039,0.002,-0.002,0.018
max_34,-0.011,-0.01,0.023,0.034,-0.002,0.04,-0.008,0.052,0.005
max_35,-0.03,0.003,0.007,-0.034,-0.026,-0.008,-0.012,0.056,-0.022
max_36,-0.014,-0.018,-0.01,0.039,0.036,0.007,0.008,0.004,-0.02
max_37,0.007,-0.026,-0.042,-0.013,-0.01,-0.051,-0.031,-0.003,-0.016
max_38,0.009,-0.019,0.009,-0.0,0.039,0.078,-0.057,-0.002,-0.017
max_39,0.011,-0.015,-0.038,0.031,0.033,-0.003,-0.039,-0.014,0.014
max_40,0.005,-0.018,-0.039,0.022,-0.009,-0.047,-0.025,-0.015,0.018
max_41,-0.016,0.001,-0.015,0.059,0.002,-0.004,0.064,-0.017,-0.021
max_42,-0.032,-0.019,0.005,0.033,-0.018,-0.013,-0.007,0.007,0.003
max_43,0.007,0.005,-0.036,0.041,0.0,-0.011,-0.036,-0.024,-0.019
max_44,0.016,0.014,0.041,0.036,0.007,-0.031,0.003,0.001,0.034
max_45,0.041,-0.024,0.039,-0.013,-0.019,-0.017,0.037,0.019,0.004
max_46,-0.052,-0.028,0.003,-0.017,-0.021,-0.0,-0.023,-0.007,-0.002
max_47,0.021,0.01,-0.005,0.034,0.053,-0.005,0.043,-0.008,-0.016
max_48,-0.05,0.011,-0.006,0.051,-0.045,-0.01,0.026,-0.013,-0.009
max_49,-0.02,-0.018,-0.04,-0.002,-0.023,0.045,0.014,-0.009,0.014
max_50,0.0,-0.015,0.005,0.048,0.013,-0.03,-0.002,0.019,0.007
max_51,0.057,-0.004,0.031,-0.025,-0.005,-0.008,0.027,-0.021,-0.004
max_52,-0.021,0.025,-0.035,-0.005,0.011,0.02,0.03,-0.038,0.041
max_53,0.065,0.036,-0.006,0.0,0.01,0.008,0.027,-0.023,-0.017
max_54,0.006,-0.017,-0.013,-0.007,-0.049,-0.042,0.013,0.02,-0.014
max_55,0.019,0.002,0.001,-0.036,-0.025,0.011,0.006,0.007,0.021
max_56,-0.005,-0.038,0.013,-0.027,0.009,-0.035,0.004,-0.001,0.073
max_57,-0.033,0.013,-0.01,-0.032,-0.046,0.044,-0.041,-0.01,-0.013
max_58,0.011,0.009,-0.035,0.027,-0.004,-0.032,-0.017,-0.008,-0.001
max_59,0.034,-0.025,-0.012,0.0,-0.001,0.022,0.037,-0.015,-0.008
max_60,0.022,-0.028,0.067,0.024,-0.013,0.01,0.012,-0.005,-0.024
max_61,0.019,0.019,-0.013,-0.006,-0.025,0.016,0.028,-0.025,0.036
max_62,-0.005,-0.01,0.011,0.03,0.029,-0.02,0.009,0.007,0.026
max_63,-0.033,0.024,0.022,-0.018,0.034,-0.032,0.01,0.045,-0.003
max_64,-0.008,-0.003,0.039,-0.031,-0.0,-0.007,0.039,-0.024,0.02
max_65,0.04,0.018,-0.004,0.034,-0.001,0.003,0.011,0.024,0.044
max_66,0.032,0.023,-0.026,0.034,-0.012,-0.006,-0.014,0.017,0.028
max_67,0.031,0.008,0.064,0.062,-0.031,0.021,-0.019,-0.013,-0.031
max_68,-0.035,-0.019,-0.029,0.021,0.011,-0.012,0.043,-0.004,-0.022
max_69,0.007,-0.017,-0.014,-0.005,0.005,0.041,-0.064,0.045,-0.047
max_70,0.023,-0.028,-0.01,-0.027,-0.032,-0.008,0.063,0.014,-0.04
max_71,-0.047,0.0,-0.019,0.039,0.031,-0.013,0.02,-0.003,-0.013
max_72,-0.061,0.011,0.001,-0.01,0.004,-0.018,0.018,-0.003,-0.012
max_73,0.043,0.019,-0.026,0.006,0.046,0.015,-0.001,-0.004,-0.014
max_74,0.024,-0.02,-0.013,-0.01,0.009,-0.024,-0.03,-0.011,0.027
max_75,0.001,-0.022,0.076,-0.011,-0.005,-0.021,0.001,-0.021,-0.017
max_76,0.014,0.005,-0.035,0.021,-0.004,-0.047,-0.002,0.018,-0.002
max_77,-0.027,-0.041,-0.005,-0.015,0.049,0.064,-0.004,0.045,0.03
max_78,-0.002,-0.032,0.006,0.023,0.036,-0.004,-0.057,-0.009,0.016
max_79,0.021,0.031,-0.014,0.026,-0.019,0.018,-0.014,-0.004,0.043
max_80,0.001,-0.001,-0.024,-0.02,0.013,0.049,-0.055,0.01,-0.008
max_81,-0.005,0.015,-0.062,0.005,0.031,0.014,-0.003,-0.052,-0.004
max_82,0.037,-0.024,-0.016,-0.037,-0.016,0.014,0.047,-0.008,0.005
max_83,-0.012,0.016,0.012,-0.026,0.03,-0.021,-0.013,0.002,0.04
max_84,0.061,0.004,-0.009,0.017,-0.014,-0.024,0.051,0.011,-0.009
max_85,0.04,-0.002,-0.036,0.027,-0.0,-0.004,0.009,0.01,0.01
max_86,0.038,0.012,-0.041,-0.03,-0.02,0.002,0.024,0.002,0.012
max_87,-0.041,-0.018,-0.012,0.026,0.051,0.01,0.028,-0.014,-0.016
max_88,0.007,-0.012,-0.02,-0.031,-0.012,-0.064,-0.017,0.011,-0.028
max_89,-0.019,0.037,-0.018,0.041,-0.057,-0.0,-0.009,0.009,-0.061
max_90,-0.038,0.007,-0.028,0.051,-0.003,-0.005,0.01,-0.04,-0.014
max_91,0.033,0.028,-0.059,0.011,0.005,-0.007,0.002,0.028,-0.013
max_92,-0.026,0.006,0.016,0.046,-0.029,0.049,-0.013,-0.035,0.027
max_93,0.014,-0.034,0.032,0.044,0.038,0.031,-0.057,-0.054,-0.005
max_94,0.022,0.045,0.028,-0.035,0.02,-0.046,0.007,0.017,-0.006
max_95,-0.03,0.016,0.0,-0.02,-0.011,-0.05,0.0,-0.011,0.001
max_96,0.031,-0.026,-0.039,0.003,0.008,0.018,0.026,0.015,0.003
max_97,-0.04,-0.002,-0.026,-0.08,-0.01,-0.009,-0.008,-0.005,-0.006
max_98,-0.007,-0.025,-0.036,-0.062,0.021,0.049,0.009,0.014,0.006
max_99,0.024,-0.031,-0.007,0.015,0.036,0.017,0.061,0.014,-0.024
max_100,0.057,-0.0,0.022,-0.031,0.031,0.013,0.012,-0.042,-0.022
max_101,-0.025,-0.035,0.025,0.004,0.037,-0.041,-0.018,0.011,-0.017
max_102,0.004,0.035,-0.016,0.031,0.028,0.001,0.02,-0.015,0.076
max_103,-0.013,-0.022,-0.025,-0.028,0.024,-0.024,-0.041,-0.0,0.017
max_104,0.022,-0.006,-0.019,0.036,-0.028,-0.053,-0.022,0.005,0.02
max_105,-0.019,0.011,0.033,0.025,-0.025,0.029,-0.015,0.009,0.021
max_106,-0.02,0.012,0.038,-0.035,-0.002,0.005,-0.001,0.048,-0.011
max_107,0.015,-0.023,-0.0,0.004,0.029,-0.03,0.01,0.031,-0.031
max_108,0.004,-0.006,-0.012,0.015,-0.024,-0.054,-0.026,-0.004,0.015
max_109,0.008,-0.015,-0.022,0.004,-0.005,0.005,-0.059,-0.005,-0.031
max_110,-0.013,0.002,-0.028,-0.004,-0.03,-0.036,-0.011,0.008,-0.041
max_111,0.031,0.006,-0.02,-0.008,0.035,0.007,-0.004,0.015,0.051
max_112,0.011,0.008,-0.004,0.048,0.026,0.002,0.009,0.026,0.002
max_113,-0.018,-0.057,-0.01,-0.01,0.022,-0.061,-0.014,-0.008,0.01
max_114,0.013,-0.024,-0.023,0.019,0.017,-0.006,0.039,0.003,-0.021
max_115,0.02,0.0,-0.024,-0.006,0.031,0.031,0.02,-0.008,0.049
max_116,0.0,0.004,0.022,-0.007,0.01,0.006,0.003,0.023,0.056
max_117,-0.006,0.048,-0.015,0.017,-0.006,-0.007,-0.006,-0.024,0.045
max_118,-0.043,0.03,-0.011,-0.012,-0.044,0.015,-0.009,-0.033,-0.014
max_119,-0.026,0.014,0.004,0.06,0.026,0.026,-0.018,-0.018,0.005
max_120,-0.001,0.009,0.02,0.007,-0.023,-0.01,-0.013,0.082,-0.051
max_121,-0.032,0.002,-0.001,0.04,0.014,0.03,0.026,-0.009,-0.016
max_122,-0.051,0.018,-0.01,0.021,-0.017,0.036,-0.013,-0.028,0.019
max_123,0.018,-0.01,-0.021,0.034,0.003,-0.034,-0.017,0.006,0.003
max_124,0.019,-0.002,0.016,0.012,0.024,-0.002,-0.02,-0.022,0.044
max_125,-0.007,-0.021,-0.017,-0.015,0.006,-0.008,-0.016,0.019,0.033
max_126,0.042,0.024,-0.025,-0.024,0.029,-0.001,0.022,0.001,-0.019
max_127,0.032,-0.006,0.037,-0.013,-0.011,-0.024,0.005,0.003,0.001
max_128,0.036,0.026,-0.013,0.041,-0.015,-0.035,0.006,0.011,0.041
max_129,-0.046,0.027,-0.025,-0.035,-0.007,0.011,0.002,0.002,0.029
max_130,0.016,0.002,-0.023,0.019,-0.005,-0.034,-0.014,0.048,0.027
max_131,0.012,0.002,-0.013,-0.024,-0.019,0.016,0.025,-0.013,0.036
max_132,0.037,-0.027,-0.026,-0.015,0.014,0.029,0.043,0.01,-0.013
max_133,-0.005,-0.008,-0.014,0.014,0.052,0.005,0.01,-0.01,-0.03
max_134,0.023,0.009,0.07,0.002,0.031,-0.025,-0.014,-0.018,-0.008
max_135,-0.035,0.044,-0.0,0.003,-0.027,-0.014,0.008,-0.002,0.036
max_136,0.024,-0.002,-0.005,-0.008,0.036,0.035,0.001,0.005,-0.004
max_137,0.03,-0.006,-0.026,0.025,0.011,-0.007,-0.016,0.007,0.05
max_138,-0.047,-0.03,-0.011,0.021,0.027,-0.006,-0.01,-0.032,0.011
max_139,-0.051,0.03,0.005,-0.018,0.006,-0.027,0.01,0.02,0.002
max_140,0.033,-0.027,0.051,0.02,-0.009,0.046,-0.02,-0.033,0.043
max_141,-0.036,0.002,0.004,0.025,0.006,-0.027,0.02,0.007,0.037
max_142,-0.014,-0.004,0.048,-0.012,-0.004,-0.038,-0.019,0.0,-0.004
max_143,-0.018,-0.004,-0.001,0.036,0.026,0.013,0.023,0.015,0.044
max_144,-0.032,-0.013,-0.006,0.002,-0.021,0.052,-0.023,0.028,-0.014
max_145,0.007,0.033,0.053,-0.018,0.03,-0.015,-0.016,-0.017,0.04
max_146,0.018,-0.006,0.01,-0.027,0.009,0.015,0.042,-0.026,-0.012
max_147,-0.008,-0.041,-0.035,-0.007,0.043,-0.015,-0.037,0.009,0.011
max_148,-0.012,0.02,0.033,-0.024,0.022,-0.018,-0.016,0.028,0.035
max_149,0.005,-0.039,-0.005,-0.0,-0.044,-0.063,-0.016,-0.027,-0.016
max_150,0.048,0.002,-0.037,0.019,-0.005,0.014,0.015,0.029,-0.005
max_151,0.048,0.031,-0.041,0.006,-0.012,-0.004,0.012,0.007,0.029
max_152,-0.001,-0.013,-0.01,0.048,0.027,-0.017,0.012,0.013,0.024
max_153,-0.005,0.001,-0.027,0.005,-0.025,-0.044,0.005,-0.009,-0.028
max_154,-0.009,-0.031,-0.028,0.007,-0.009,-0.037,-0.037,-0.035,0.016
max_155,0.036,0.017,-0.028,0.07,-0.031,-0.029,0.01,0.003,0.006
max_156,-0.003,0.007,0.053,-0.039,-0.01,-0.011,-0.029,-0.017,0.016
max_157,0.013,-0.006,-0.019,0.025,0.027,0.015,-0.009,0.001,0.007
max_158,0.005,-0.025,0.012,-0.058,-0.008,0.031,0.024,-0.008,0.016
max_159,0.034,-0.01,0.006,-0.011,-0.011,0.017,0.012,0.005,0.009
max_160,-0.013,0.007,-0.019,0.012,-0.025,0.002,0.015,0.039,0.034
max_161,-0.004,-0.015,-0.035,0.004,0.024,0.032,0.027,0.024,0.036
max_162,-0.02,0.034,-0.039,0.027,0.009,0.011,-0.006,-0.03,-0.042
max_163,-0.021,0.003,0.005,-0.016,0.045,-0.019,-0.014,0.009,-0.029
max_164,0.018,-0.023,-0.003,0.002,0.001,-0.008,-0.028,0.04,0.021
max_165,-0.04,-0.02,0.008,0.01,-0.042,-0.006,0.029,-0.041,-0.006
max_166,-0.045,0.009,-0.026,-0.019,0.071,0.012,0.042,-0.011,-0.01
max_167,0.011,-0.006,-0.035,0.01,-0.018,-0.019,-0.043,0.014,-0.036
max_168,-0.001,-0.033,-0.01,0.001,0.047,0.03,-0.053,0.038,-0.028
max_169,0.035,-0.024,0.026,0.023,-0.006,0.057,-0.014,-0.03,-0.022
max_170,-0.01,0.01,-0.039,-0.048,-0.054,0.022,-0.0,-0.016,0.013
max_171,0.017,-0.027,-0.031,0.013,-0.002,-0.019,-0.003,0.002,0.006
max_172,0.001,-0.014,-0.004,0.005,0.013,0.001,-0.001,0.065,-0.034
max_173,0.035,0.002,-0.014,0.043,0.004,-0.001,0.029,0.032,0.029
max_174,-0.047,0.031,-0.008,0.04,0.001,-0.025,0.035,-0.009,-0.009
max_175,-0.046,0.005,-0.019,-0.009,0.007,0.057,-0.017,-0.029,-0.009
max_176,-0.0,-0.004,-0.008,0.019,-0.002,-0.059,0.039,0.019,0.083
max_177,0.015,0.0,-0.018,0.032,0.036,-0.003,-0.036,0.015,0.013
max_178,0.013,-0.058,-0.015,0.007,0.008,-0.015,-0.031,0.006,-0.006
max_179,-0.001,-0.04,-0.022,0.008,0.059,0.007,-0.038,0.008,0.037
max_180,-0.005,-0.048,0.0,0.004,-0.017,-0.047,-0.023,0.013,0.021
max_181,0.004,-0.0,0.003,0.008,0.044,0.024,-0.048,-0.027,0.022
max_182,-0.011,0.021,-0.049,0.037,0.002,-0.034,0.003,-0.04,0.011
max_183,-0.048,-0.01,-0.011,0.033,0.048,-0.007,0.036,-0.002,0.013
max_184,0.026,-0.012,-0.002,-0.022,0.012,-0.027,0.02,0.012,0.013
max_185,0.011,0.006,-0.001,-0.042,0.018,0.03,0.015,-0.027,0.055
max_186,-0.051,0.015,0.004,0.012,-0.024,0.005,0.009,0.002,0.025
max_187,0.028,-0.013,0.049,-0.036,0.017,0.003,-0.014,-0.054,0.005
max_188,-0.047,-0.009,0.004,0.025,0.014,0.006,0.032,0.007,0.02
max_189,0.016,-0.023,-0.037,-0.011,0.047,0.024,0.017,-0.026,-0.041
max_190,0.014,-0.01,-0.012,0.028,0.024,-0.012,-0.02,0.018,0.046
max_191,-0.049,0.031,-0.031,0.012,0.036,0.026,0.007,-0.024,0.004
max_192,0.019,-0.032,0.035,-0.003,-0.0,0.003,-0.037,-0.076,-0.003
max_193,-0.008,0.082,0.003,0.005,-0.005,0.022,-0.023,0.025,-0.027
max_194,-0.027,-0.042,0.004,-0.016,0.023,-0.056,-0.016,-0.016,0.017
max_195,-0.033,-0.062,0.005,0.008,0.026,0.038,0.045,0.0,0.023
max_196,-0.007,-0.019,-0.011,-0.006,0.01,-0.034,0.01,0.032,0.012
max_197,-0.014,0.006,-0.007,0.067,-0.01,-0.001,0.001,-0.032,0.036
max_198,0.023,0.008,-0.012,0.057,0.005,-0.004,-0.021,0.024,0.021
max_199,0.028,0.013,-0.026,0.038,-0.009,0.001,-0.034,0.017,-0.015
min_0,0.027,0.008,-0.015,-0.01,-0.032,-0.028,0.005,-0.019,-0.038
min_1,-0.002,-0.021,-0.04,0.026,-0.023,0.009,0.013,-0.043,-0.013
min_2,0.025,-0.001,0.002,-0.008,-0.05,0.003,-0.058,0.031,-0.001
min_3,0.054,-0.0,0.013,0.019,0.005,-0.021,-0.001,-0.001,0.012
min_4,-0.017,0.003,0.013,0.032,-0.024,0.016,-0.018,-0.021,-0.018
min_5,-0.022,-0.011,-0.008,-0.005,-0.002,-0.059,0.028,-0.038,-0.003
min_6,0.024,-0.022,-0.021,-0.045,0.035,-0.044,0.009,-0.002,0.016
min_7,0.009,-0.02,0.02,-0.0,-0.058,-0.001,-0.028,0.044,0.042
min_8,-0.012,0.036,0.015,0.006,0.014,-0.001,0.006,-0.02,-0.006
min_9,-0.027,0.043,-0.061,-0.02,0.008,-0.01,0.0,0.01,-0.021
min_10,-0.021,0.003,-0.013,0.022,-0.059,0.012,-0.063,-0.0,0.026
min_11,-0.013,-0.023,-0.048,-0.001,-0.034,0.032,0.025,0.028,0.01
min_12,-0.037,-0.012,0.055,0.015,-0.025,-0.056,0.009,0.045,-0.02
min_13,-0.001,0.05,0.009,0.004,-0.031,0.006,0.051,-0.009,-0.02
min_14,-0.012,0.026,0.024,-0.013,0.016,0.041,0.04,-0.005,0.016
min_15,0.014,0.027,0.027,0.016,0.009,-0.012,0.023,-0.045,0.004
min_16,-0.024,0.036,0.009,-0.011,0.005,-0.042,-0.011,0.026,0.001
min_17,-0.007,-0.004,-0.008,-0.023,-0.015,0.01,0.026,-0.008,0.071
min_18,-0.043,-0.023,-0.004,-0.044,0.005,-0.049,0.009,-0.047,-0.028
min_19,-0.033,0.029,0.004,-0.022,0.044,0.026,0.009,0.019,0.017
min_20,-0.005,0.029,-0.007,-0.007,-0.024,-0.057,0.038,-0.032,0.004
min_21,0.036,0.05,-0.016,-0.002,-0.073,-0.008,-0.025,-0.034,0.0
min_22,0.037,0.045,0.018,0.017,0.019,-0.021,-0.014,-0.0,0.019
min_23,0.001,-0.085,0.007,-0.006,0.022,-0.016,0.015,0.023,-0.039
min_24,0.043,-0.022,0.049,0.027,-0.025,-0.045,-0.011,0.039,-0.021
min_25,0.003,0.045,-0.001,0.004,-0.012,0.028,0.02,0.004,-0.052
min_26,-0.001,0.011,0.001,0.008,0.037,0.027,-0.01,-0.011,-0.028
min_27,0.017,0.004,-0.019,-0.068,0.047,-0.019,0.008,-0.042,0.046
min_28,0.045,-0.01,0.007,-0.051,-0.009,0.004,-0.018,0.011,0.024
min_29,-0.045,0.006,0.013,0.023,-0.005,-0.021,-0.05,0.004,0.008
min_30,0.021,-0.024,-0.013,-0.028,-0.024,0.001,0.001,-0.01,0.024
min_31,0.039,0.004,0.02,-0.022,-0.043,-0.01,0.006,0.045,0.027
min_32,-0.0,-0.016,-0.054,0.009,-0.018,0.038,-0.015,0.019,0.022
min_33,-0.01,0.001,0.027,-0.024,-0.023,-0.056,0.029,-0.006,-0.005
min_34,-0.007,-0.012,-0.048,0.006,-0.015,0.054,0.01,0.013,0.034
min_35,-0.035,0.014,0.03,-0.019,-0.022,-0.018,-0.035,0.012,0.001
min_36,-0.024,-0.007,-0.013,-0.006,0.029,0.007,-0.001,-0.011,-0.01
min_37,-0.008,-0.007,-0.016,-0.019,-0.049,0.001,-0.031,-0.022,-0.006
min_38,0.048,-0.044,0.018,-0.008,0.007,0.031,-0.014,0.032,-0.014
min_39,-0.036,0.018,-0.004,0.049,0.015,-0.019,-0.021,0.044,0.006
min_40,-0.022,-0.013,-0.072,-0.002,-0.012,0.004,0.035,0.01,-0.004
min_41,-0.005,0.029,0.018,0.01,0.004,0.051,0.024,-0.027,0.003
min_42,-0.045,0.035,0.0,-0.003,0.008,-0.011,-0.045,0.026,0.025
min_43,-0.04,0.018,-0.008,0.045,-0.01,-0.025,-0.025,0.041,0.011
min_44,0.007,0.03,0.003,0.004,0.019,-0.035,0.01,-0.022,0.019
min_45,0.016,0.019,-0.004,-0.021,-0.026,-0.017,0.032,-0.026,0.023
min_46,-0.054,0.027,-0.014,-0.015,-0.017,-0.022,-0.011,0.034,-0.001
min_47,0.036,0.005,0.011,0.047,0.057,-0.008,0.02,-0.005,0.002
min_48,-0.047,0.036,-0.014,-0.005,0.009,0.013,-0.053,-0.008,0.045
min_49,0.0,0.012,-0.024,-0.007,0.005,0.044,0.032,-0.008,-0.016
min_50,-0.043,0.017,-0.072,-0.028,0.001,0.024,-0.01,0.015,0.002
min_51,0.011,0.035,0.022,-0.006,-0.028,0.014,0.043,-0.008,0.025
min_52,-0.023,-0.004,0.032,-0.037,0.011,0.02,0.037,-0.018,-0.007
min_53,0.015,0.022,0.025,0.035,-0.031,0.023,0.01,-0.053,0.003
min_54,0.025,-0.016,-0.032,-0.027,-0.058,0.014,-0.003,0.02,0.013
min_55,0.003,0.004,0.043,-0.012,-0.032,0.003,0.038,-0.001,0.024
min_56,-0.012,-0.029,-0.005,-0.049,-0.014,-0.02,0.007,0.067,0.031
min_57,-0.018,0.001,0.052,0.004,-0.009,0.041,0.023,-0.007,0.004
min_58,-0.024,0.014,0.02,0.053,0.023,0.0,-0.026,-0.038,0.023
min_59,0.004,0.009,-0.002,-0.006,-0.012,0.0,0.033,0.022,-0.041
min_60,0.032,0.019,0.018,-0.038,-0.012,0.008,0.003,0.018,0.022
min_61,0.011,0.013,0.028,-0.003,-0.051,0.002,0.027,0.04,-0.04
min_62,-0.033,0.05,-0.047,-0.035,0.009,-0.004,-0.004,-0.003,0.025
min_63,-0.032,-0.008,0.027,0.002,0.008,-0.02,-0.009,0.013,0.011
min_64,-0.003,0.014,0.031,-0.011,-0.006,0.0,0.011,-0.049,0.011
min_65,0.043,-0.033,-0.002,-0.012,0.031,0.031,-0.005,0.033,0.027
min_66,0.034,-0.035,-0.031,0.007,-0.003,0.023,0.001,-0.006,0.016
min_67,0.024,0.051,-0.008,0.007,-0.031,-0.018,0.051,-0.005,0.003
min_68,-0.004,0.014,-0.049,0.014,-0.025,0.023,0.022,-0.012,-0.012
min_69,0.009,0.01,0.025,-0.005,-0.052,-0.012,-0.06,0.031,0.014
min_70,-0.011,-0.031,-0.011,-0.03,-0.024,0.023,-0.019,-0.05,-0.002
min_71,-0.014,0.041,-0.038,-0.008,-0.008,-0.015,-0.022,0.012,-0.069
min_72,-0.032,-0.012,0.047,-0.02,0.014,0.034,0.025,-0.011,-0.007
min_73,0.047,-0.037,0.013,-0.01,0.0,-0.009,-0.016,-0.0,0.008
min_74,0.065,-0.002,0.013,-0.004,-0.018,0.005,-0.043,-0.015,0.0
min_75,-0.004,0.037,0.012,-0.052,-0.01,-0.001,0.04,0.013,-0.014
min_76,0.047,0.035,-0.006,0.049,-0.024,-0.033,-0.013,-0.017,-0.011
min_77,-0.015,-0.025,-0.014,-0.005,-0.016,0.053,0.009,0.035,0.028
min_78,0.029,0.035,0.004,0.027,0.066,-0.035,-0.008,0.021,-0.026
min_79,-0.017,-0.027,0.052,-0.002,0.027,0.053,0.004,0.01,-0.01
min_80,-0.041,-0.046,-0.031,0.027,-0.062,0.016,-0.007,0.004,0.049
min_81,-0.001,-0.049,-0.037,0.028,-0.02,-0.004,0.018,-0.038,0.004
min_82,-0.002,-0.005,-0.012,-0.043,-0.004,-0.04,0.025,-0.062,0.034
min_83,-0.032,-0.005,0.023,-0.008,0.019,0.004,-0.047,0.021,-0.007
min_84,0.045,-0.011,0.017,0.002,0.018,-0.007,-0.007,-0.039,0.012
min_85,0.025,-0.014,-0.036,0.011,0.024,-0.008,0.03,-0.011,0.03
min_86,-0.027,-0.053,-0.013,-0.064,-0.008,-0.03,0.003,-0.008,-0.013
min_87,-0.018,0.001,0.011,0.012,0.01,0.012,0.011,-0.049,-0.021
min_88,0.03,-0.01,0.023,-0.034,-0.01,-0.029,-0.034,-0.021,0.009
min_89,-0.021,0.017,0.003,-0.014,-0.008,0.018,-0.047,-0.058,-0.018
min_90,-0.005,0.001,-0.067,0.014,-0.0,0.025,0.002,-0.022,-0.027
min_91,-0.005,-0.059,-0.028,0.013,-0.04,0.023,0.022,-0.001,0.007
min_92,-0.015,0.023,0.016,0.008,-0.008,0.05,0.017,0.02,0.044
min_93,0.044,0.022,0.008,-0.016,0.019,-0.023,-0.009,-0.008,-0.029
min_94,0.043,-0.016,0.029,-0.001,-0.031,-0.024,-0.019,-0.001,-0.009
min_95,-0.029,-0.024,-0.007,-0.047,0.002,-0.023,-0.019,-0.011,-0.033
min_96,0.023,-0.01,-0.046,0.016,0.004,-0.038,0.032,-0.002,0.03
min_97,-0.055,-0.062,-0.012,-0.006,-0.06,-0.015,0.005,0.016,-0.011
min_98,0.006,-0.046,-0.016,-0.006,-0.008,0.009,0.022,0.007,-0.015
min_99,0.003,0.016,0.028,0.018,0.018,0.043,0.029,-0.023,0.011
min_100,0.002,0.012,0.024,-0.014,-0.011,0.001,0.041,-0.02,0.009
min_101,0.01,0.027,-0.021,-0.011,0.069,-0.028,-0.005,0.021,-0.026
min_102,0.009,0.006,0.023,0.021,0.044,-0.011,0.044,0.04,0.004
min_103,-0.048,-0.003,0.021,-0.006,0.009,-0.036,-0.012,0.069,0.016
min_104,0.055,0.023,0.007,-0.014,0.012,0.006,-0.065,0.004,-0.008
min_105,-0.032,-0.001,0.031,-0.026,-0.004,0.015,-0.002,-0.012,0.024
min_106,-0.001,0.008,0.05,-0.02,-0.023,0.014,-0.014,0.019,0.036
min_107,0.019,-0.006,-0.002,-0.033,0.06,-0.047,0.01,-0.029,0.01
min_108,-0.012,0.048,0.031,0.011,-0.036,-0.03,-0.046,-0.026,0.011
min_109,0.005,-0.029,0.042,-0.03,0.022,-0.014,-0.031,0.034,0.01
min_110,-0.033,-0.021,0.002,-0.021,-0.016,-0.005,-0.035,-0.01,-0.062
min_111,0.027,-0.056,0.016,0.006,0.016,0.009,0.029,0.019,0.03
min_112,-0.034,0.003,-0.027,0.032,-0.006,0.018,-0.011,0.039,0.042
min_113,0.008,0.011,0.011,-0.022,0.081,-0.035,0.007,-0.002,0.003
min_114,0.037,-0.002,-0.001,0.037,0.041,-0.009,0.023,0.018,-0.009
min_115,0.005,-0.03,-0.015,0.031,-0.012,0.016,0.031,-0.019,0.007
min_116,-0.022,-0.005,-0.014,-0.029,-0.029,0.02,-0.037,0.045,0.074
min_117,-0.036,0.019,0.034,0.005,-0.002,-0.016,-0.011,0.004,0.002
min_118,-0.04,-0.005,-0.0,0.011,-0.015,-0.002,-0.006,-0.036,-0.036
min_119,-0.027,0.045,0.013,0.036,0.024,-0.005,-0.009,0.033,-0.034
min_120,-0.028,0.027,0.016,0.014,-0.021,-0.049,-0.024,-0.001,0.009
min_121,-0.029,-0.013,-0.013,-0.001,0.019,0.05,-0.011,-0.012,-0.057
min_122,-0.02,0.02,0.034,0.018,0.011,0.055,0.009,0.019,0.016
min_123,-0.007,0.026,-0.066,-0.013,-0.005,0.025,-0.018,-0.069,-0.012
min_124,0.017,-0.005,0.016,-0.026,0.008,-0.025,0.009,0.019,0.024
min_125,-0.016,-0.022,-0.042,-0.003,-0.041,0.019,0.013,0.052,0.037
min_126,0.001,-0.047,0.012,-0.024,0.009,-0.036,0.001,-0.006,-0.021
min_127,0.041,0.006,0.009,-0.038,-0.037,-0.007,-0.032,-0.006,-0.008
min_128,0.055,0.009,0.026,0.018,-0.008,-0.027,-0.016,0.032,-0.001
min_129,-0.06,-0.027,0.052,0.021,0.015,0.017,-0.033,0.003,0.034
min_130,-0.021,0.004,0.004,-0.036,-0.021,0.006,-0.048,0.036,0.054
min_131,0.015,0.016,0.011,-0.015,-0.047,0.013,-0.0,-0.032,0.006
min_132,0.014,0.015,-0.014,-0.015,0.022,-0.016,0.03,-0.034,0.031
min_133,-0.011,-0.016,-0.001,0.021,0.019,0.004,-0.001,-0.007,-0.052
min_134,-0.007,0.022,0.026,-0.027,0.007,0.03,0.034,0.003,-0.013
min_135,-0.008,0.028,0.046,0.02,-0.008,0.022,0.024,0.01,0.021
min_136,0.043,-0.046,0.006,0.004,0.015,0.04,-0.013,0.007,-0.006
min_137,0.043,-0.027,-0.021,0.001,0.022,0.036,-0.005,0.04,0.008
min_138,-0.046,0.041,-0.015,0.002,0.003,-0.029,-0.023,0.04,-0.008
min_139,-0.031,0.019,0.028,-0.016,0.013,-0.003,0.032,0.018,-0.017
min_140,0.017,0.023,0.026,-0.028,-0.021,0.016,0.024,0.008,0.021
min_141,-0.032,0.041,-0.009,-0.037,0.022,-0.028,0.003,-0.007,-0.01
min_142,-0.002,0.004,0.003,-0.045,0.01,-0.024,-0.011,0.02,-0.029
min_143,-0.02,0.012,0.006,-0.006,0.023,0.042,0.031,0.066,0.01
min_144,-0.037,-0.022,-0.03,0.006,-0.039,0.026,0.01,0.022,-0.011
min_145,0.006,0.019,0.048,-0.002,-0.027,-0.03,0.029,0.008,0.04
min_146,0.001,0.022,0.016,-0.0,-0.014,0.001,0.024,0.005,-0.055
min_147,-0.021,-0.022,-0.02,0.013,0.01,-0.011,0.005,0.065,0.045
min_148,-0.02,0.022,0.018,-0.001,0.003,-0.001,-0.028,0.019,0.013
min_149,0.011,-0.03,0.001,-0.078,0.01,-0.008,-0.035,-0.013,-0.022
min_150,0.05,-0.015,-0.004,0.033,-0.014,0.023,-0.002,0.015,-0.003
min_151,0.031,-0.042,-0.014,0.019,-0.04,0.011,0.021,0.017,-0.021
min_152,0.019,-0.015,-0.029,-0.0,0.044,-0.028,0.016,0.043,-0.008
min_153,-0.026,-0.018,-0.038,-0.007,-0.031,-0.01,0.004,-0.018,0.037
min_154,-0.01,0.05,-0.036,0.005,0.004,-0.03,-0.015,0.054,-0.023
min_155,0.053,-0.003,0.005,0.032,0.032,0.017,-0.005,-0.01,-0.009
min_156,-0.015,0.02,0.029,-0.019,-0.037,0.001,0.049,-0.003,-0.014
min_157,0.039,-0.058,0.018,-0.016,0.039,-0.002,0.01,0.025,0.001
min_158,0.02,-0.022,-0.011,-0.039,-0.009,0.017,0.016,0.003,0.037
min_159,0.022,0.009,0.036,-0.004,-0.033,0.007,0.037,0.049,0.008
min_160,-0.015,0.022,-0.032,-0.001,-0.025,0.027,0.014,0.04,0.044
min_161,-0.002,0.017,0.028,0.029,-0.008,0.046,0.028,-0.013,0.028
min_162,-0.033,-0.015,-0.007,0.014,-0.034,0.011,-0.003,-0.002,-0.003
min_163,-0.04,-0.032,0.028,-0.018,0.031,-0.002,0.012,0.013,-0.041
min_164,0.052,-0.005,0.015,0.006,0.023,0.012,-0.045,0.003,0.015
min_165,-0.018,0.028,0.021,-0.014,0.001,0.03,0.032,0.01,-0.038
min_166,-0.04,-0.024,0.024,-0.032,-0.004,-0.013,0.046,-0.048,0.008
min_167,-0.005,0.04,0.017,0.015,-0.05,-0.01,-0.067,-0.023,0.009
min_168,-0.027,-0.052,0.015,-0.03,0.022,0.009,-0.018,0.082,0.018
min_169,0.022,0.017,0.018,-0.0,-0.017,0.017,0.011,0.027,-0.074
min_170,-0.008,0.026,0.017,-0.016,-0.012,-0.013,0.051,-0.026,0.034
min_171,0.025,-0.001,-0.043,-0.003,-0.023,-0.029,0.011,-0.032,0.025
min_172,0.037,0.013,0.019,-0.014,-0.037,0.01,-0.031,0.014,-0.018
min_173,0.044,-0.008,-0.004,0.035,0.021,0.033,0.003,0.001,0.025
min_174,-0.045,0.01,0.026,0.01,0.028,0.012,-0.019,-0.012,0.023
min_175,-0.021,-0.041,-0.032,0.013,-0.026,0.041,-0.008,-0.011,-0.001
min_176,-0.001,0.013,-0.038,-0.022,0.034,-0.008,-0.006,0.045,0.028
min_177,0.018,0.018,0.012,0.001,0.05,-0.061,0.014,-0.037,-0.008
min_178,0.063,0.003,-0.001,-0.022,0.007,0.013,-0.028,-0.02,0.006
min_179,-0.018,0.005,0.013,0.035,0.051,-0.025,-0.022,0.054,-0.017
min_180,0.018,0.02,0.007,-0.043,-0.003,-0.017,-0.047,0.044,0.024
min_181,-0.04,-0.001,0.05,0.03,-0.001,-0.031,-0.038,0.006,-0.005
min_182,0.001,0.0,-0.021,0.003,0.056,-0.063,0.045,-0.02,0.04
min_183,-0.018,-0.005,-0.007,0.012,0.022,0.001,0.001,-0.022,-0.014
min_184,0.05,-0.003,0.015,-0.033,-0.027,-0.006,-0.021,0.012,0.001
min_185,0.007,-0.024,0.007,0.011,-0.048,-0.0,0.02,-0.041,0.035
min_186,-0.053,0.015,0.016,-0.01,-0.009,-0.002,-0.007,0.017,0.025
min_187,-0.006,0.023,0.026,-0.03,-0.031,-0.018,0.055,-0.006,0.012
min_188,0.002,0.05,-0.022,-0.014,-0.015,-0.005,0.039,-0.006,0.006
min_189,-0.024,-0.032,-0.018,-0.031,0.04,-0.026,0.038,-0.022,-0.021
min_190,-0.014,0.001,-0.054,0.018,0.01,0.02,0.002,0.053,0.018
min_191,-0.033,-0.018,0.049,0.036,-0.016,0.011,0.039,0.009,0.017
min_192,0.032,-0.011,0.012,-0.041,-0.025,-0.011,-0.019,-0.009,-0.026
min_193,-0.055,-0.032,0.053,-0.008,0.002,0.005,-0.037,-0.033,0.006
min_194,-0.012,0.039,0.014,-0.015,0.015,-0.049,-0.027,0.011,0.0
min_195,0.006,0.024,-0.005,0.004,0.029,0.079,0.014,-0.002,-0.0
min_196,-0.021,-0.036,-0.059,-0.065,0.013,0.002,0.017,0.021,0.023
min_197,-0.009,0.057,-0.054,-0.014,0.006,0.008,-0.006,0.051,0.032
min_198,0.025,0.069,-0.016,0.03,0.032,-0.011,-0.033,0.021,0.032
min_199,0.027,-0.023,-0.009,0.064,-0.011,-0.006,0.011,0.023,-0.063
mode_0,0.027,0.008,-0.015,-0.01,-0.032,-0.028,0.005,-0.019,-0.038
mode_1,-0.002,-0.021,-0.04,0.026,-0.023,0.009,0.013,-0.043,-0.013
mode_2,0.025,-0.001,0.002,-0.008,-0.05,0.003,-0.058,0.031,-0.001
mode_3,0.054,-0.0,0.013,0.019,0.005,-0.021,-0.001,-0.001,0.012
mode_4,-0.017,0.003,0.013,0.032,-0.024,0.016,-0.018,-0.021,-0.018
mode_5,-0.022,-0.011,-0.008,-0.005,-0.002,-0.059,0.028,-0.038,-0.003
mode_6,0.024,-0.022,-0.021,-0.045,0.035,-0.044,0.009,-0.002,0.016
mode_7,0.009,-0.02,0.02,-0.0,-0.058,-0.001,-0.028,0.044,0.042
mode_8,-0.012,0.036,0.015,0.006,0.014,-0.001,0.006,-0.02,-0.006
mode_9,-0.027,0.043,-0.061,-0.02,0.008,-0.01,0.0,0.01,-0.021
mode_10,-0.021,0.003,-0.013,0.022,-0.059,0.012,-0.063,-0.0,0.026
mode_11,-0.013,-0.023,-0.048,-0.001,-0.034,0.032,0.025,0.028,0.01
mode_12,-0.037,-0.012,0.055,0.015,-0.025,-0.056,0.009,0.045,-0.02
mode_13,-0.001,0.05,0.009,0.004,-0.031,0.006,0.051,-0.009,-0.02
mode_14,-0.012,0.026,0.024,-0.013,0.016,0.041,0.04,-0.005,0.016
mode_15,0.014,0.027,0.027,0.016,0.009,-0.012,0.023,-0.045,0.004
mode_16,-0.024,0.036,0.009,-0.011,0.005,-0.042,-0.011,0.026,0.001
mode_17,-0.007,-0.004,-0.008,-0.023,-0.015,0.01,0.026,-0.008,0.071
mode_18,-0.043,-0.023,-0.004,-0.044,0.005,-0.049,0.009,-0.047,-0.028
mode_19,-0.033,0.029,0.004,-0.022,0.044,0.026,0.009,0.019,0.017
mode_20,-0.005,0.029,-0.007,-0.007,-0.024,-0.057,0.038,-0.032,0.004
mode_21,0.036,0.05,-0.016,-0.002,-0.073,-0.008,-0.025,-0.034,0.0
mode_22,0.037,0.045,0.018,0.017,0.019,-0.021,-0.014,-0.0,0.019
mode_23,0.001,-0.085,0.007,-0.006,0.022,-0.016,0.015,0.023,-0.039
mode_24,0.043,-0.022,0.049,0.027,-0.025,-0.045,-0.011,0.039,-0.021
mode_25,0.003,0.045,-0.001,0.004,-0.012,0.028,0.02,0.004,-0.052
mode_26,-0.001,0.011,0.001,0.008,0.037,0.027,-0.01,-0.011,-0.028
mode_27,0.017,0.004,-0.019,-0.068,0.047,-0.019,0.008,-0.042,0.046
mode_28,0.045,-0.01,0.007,-0.051,-0.009,0.004,-0.018,0.011,0.024
mode_29,-0.045,0.006,0.013,0.023,-0.005,-0.021,-0.05,0.004,0.008
mode_30,0.021,-0.024,-0.013,-0.028,-0.024,0.001,0.001,-0.01,0.024
mode_31,0.039,0.004,0.02,-0.022,-0.043,-0.01,0.006,0.045,0.027
mode_32,-0.0,-0.016,-0.054,0.009,-0.018,0.038,-0.015,0.019,0.022
mode_33,-0.01,0.001,0.027,-0.024,-0.023,-0.056,0.029,-0.006,-0.005
mode_34,-0.007,-0.012,-0.048,0.006,-0.015,0.054,0.01,0.013,0.034
mode_35,-0.035,0.014,0.03,-0.019,-0.022,-0.018,-0.035,0.012,0.001
mode_36,-0.024,-0.007,-0.013,-0.006,0.029,0.007,-0.001,-0.011,-0.01
mode_37,-0.008,-0.007,-0.016,-0.019,-0.049,0.001,-0.031,-0.022,-0.006
mode_38,0.048,-0.044,0.018,-0.008,0.007,0.031,-0.014,0.032,-0.014
mode_39,-0.036,0.018,-0.004,0.049,0.015,-0.019,-0.021,0.044,0.006
mode_40,-0.022,-0.013,-0.072,-0.002,-0.012,0.004,0.035,0.01,-0.004
mode_41,-0.005,0.029,0.018,0.01,0.004,0.051,0.024,-0.027,0.003
mode_42,-0.045,0.035,0.0,-0.003,0.008,-0.011,-0.045,0.026,0.025
mode_43,-0.04,0.018,-0.008,0.045,-0.01,-0.025,-0.025,0.041,0.011
mode_44,0.007,0.03,0.003,0.004,0.019,-0.035,0.01,-0.022,0.019
mode_45,0.016,0.019,-0.004,-0.021,-0.026,-0.017,0.032,-0.026,0.023
mode_46,-0.054,0.027,-0.014,-0.015,-0.017,-0.022,-0.011,0.034,-0.001
mode_47,0.036,0.005,0.011,0.047,0.057,-0.008,0.02,-0.005,0.002
mode_48,-0.047,0.036,-0.014,-0.005,0.009,0.013,-0.053,-0.008,0.045
mode_49,0.0,0.012,-0.024,-0.007,0.005,0.044,0.032,-0.008,-0.016
mode_50,-0.043,0.017,-0.072,-0.028,0.001,0.024,-0.01,0.015,0.002
mode_51,0.011,0.035,0.022,-0.006,-0.028,0.014,0.043,-0.008,0.025
mode_52,-0.023,-0.004,0.032,-0.037,0.011,0.02,0.037,-0.018,-0.007
mode_53,0.015,0.022,0.025,0.035,-0.031,0.023,0.01,-0.053,0.003
mode_54,0.025,-0.016,-0.032,-0.027,-0.058,0.014,-0.003,0.02,0.013
mode_55,0.003,0.004,0.043,-0.012,-0.032,0.003,0.038,-0.001,0.024
mode_56,-0.012,-0.029,-0.005,-0.049,-0.014,-0.02,0.007,0.067,0.031
mode_57,-0.018,0.001,0.052,0.004,-0.009,0.041,0.023,-0.007,0.004
mode_58,-0.024,0.014,0.02,0.053,0.023,0.0,-0.026,-0.038,0.023
mode_59,0.004,0.009,-0.002,-0.006,-0.012,0.0,0.033,0.022,-0.041
mode_60,0.032,0.019,0.018,-0.038,-0.012,0.008,0.003,0.018,0.022
mode_61,0.011,0.013,0.028,-0.003,-0.051,0.002,0.027,0.04,-0.04
mode_62,-0.033,0.05,-0.047,-0.035,0.009,-0.004,-0.004,-0.003,0.025
mode_63,-0.032,-0.008,0.027,0.002,0.008,-0.02,-0.009,0.013,0.011
mode_64,-0.003,0.014,0.031,-0.011,-0.006,0.0,0.011,-0.049,0.011
mode_65,0.043,-0.033,-0.002,-0.012,0.031,0.031,-0.005,0.033,0.027
mode_66,0.034,-0.035,-0.031,0.007,-0.003,0.023,0.001,-0.006,0.016
mode_67,0.024,0.051,-0.008,0.007,-0.031,-0.018,0.051,-0.005,0.003
mode_68,-0.004,0.014,-0.049,0.014,-0.025,0.023,0.022,-0.012,-0.012
mode_69,0.009,0.01,0.025,-0.005,-0.052,-0.012,-0.06,0.031,0.014
mode_70,-0.011,-0.031,-0.011,-0.03,-0.024,0.023,-0.019,-0.05,-0.002
mode_71,-0.014,0.041,-0.038,-0.008,-0.008,-0.015,-0.022,0.012,-0.069
mode_72,-0.032,-0.012,0.047,-0.02,0.014,0.034,0.025,-0.011,-0.007
mode_73,0.047,-0.037,0.013,-0.01,0.0,-0.009,-0.016,-0.0,0.008
mode_74,0.065,-0.002,0.013,-0.004,-0.018,0.005,-0.043,-0.015,0.0
mode_75,-0.004,0.037,0.012,-0.052,-0.01,-0.001,0.04,0.013,-0.014
mode_76,0.047,0.035,-0.006,0.049,-0.024,-0.033,-0.013,-0.017,-0.011
mode_77,-0.015,-0.025,-0.014,-0.005,-0.016,0.053,0.009,0.035,0.028
mode_78,0.029,0.035,0.004,0.027,0.066,-0.035,-0.008,0.021,-0.026
mode_79,-0.017,-0.027,0.052,-0.002,0.027,0.053,0.004,0.01,-0.01
mode_80,-0.041,-0.046,-0.031,0.027,-0.062,0.016,-0.007,0.004,0.049
mode_81,-0.001,-0.049,-0.037,0.028,-0.02,-0.004,0.018,-0.038,0.004
mode_82,-0.002,-0.005,-0.012,-0.043,-0.004,-0.04,0.025,-0.062,0.034
mode_83,-0.032,-0.005,0.023,-0.008,0.019,0.004,-0.047,0.021,-0.007
mode_84,0.045,-0.011,0.017,0.002,0.018,-0.007,-0.007,-0.039,0.012
mode_85,0.025,-0.014,-0.036,0.011,0.024,-0.008,0.03,-0.011,0.03
mode_86,-0.027,-0.053,-0.013,-0.064,-0.008,-0.03,0.003,-0.008,-0.013
mode_87,-0.018,0.001,0.011,0.012,0.01,0.012,0.011,-0.049,-0.021
mode_88,0.03,-0.01,0.023,-0.034,-0.01,-0.029,-0.034,-0.021,0.009
mode_89,-0.021,0.017,0.003,-0.014,-0.008,0.018,-0.047,-0.058,-0.018
mode_90,-0.005,0.001,-0.067,0.014,-0.0,0.025,0.002,-0.022,-0.027
mode_91,-0.005,-0.059,-0.028,0.013,-0.04,0.023,0.022,-0.001,0.007
mode_92,-0.015,0.023,0.016,0.008,-0.008,0.05,0.017,0.02,0.044
mode_93,0.044,0.022,0.008,-0.016,0.019,-0.023,-0.009,-0.008,-0.029
mode_94,0.043,-0.016,0.029,-0.001,-0.031,-0.024,-0.019,-0.001,-0.009
mode_95,-0.029,-0.024,-0.007,-0.047,0.002,-0.023,-0.019,-0.011,-0.033
mode_96,0.023,-0.01,-0.046,0.016,0.004,-0.038,0.032,-0.002,0.03
mode_97,-0.055,-0.062,-0.012,-0.006,-0.06,-0.015,0.005,0.016,-0.011
mode_98,0.006,-0.046,-0.016,-0.006,-0.008,0.009,0.022,0.007,-0.015
mode_99,0.003,0.016,0.028,0.018,0.018,0.043,0.029,-0.023,0.011
mode_100,0.002,0.012,0.024,-0.014,-0.011,0.001,0.041,-0.02,0.009
mode_101,0.01,0.027,-0.021,-0.011,0.069,-0.028,-0.005,0.021,-0.026
mode_102,0.009,0.006,0.023,0.021,0.044,-0.011,0.044,0.04,0.004
mode_103,-0.048,-0.003,0.021,-0.006,0.009,-0.036,-0.012,0.069,0.016
mode_104,0.055,0.023,0.007,-0.014,0.012,0.006,-0.065,0.004,-0.008
mode_105,-0.032,-0.001,0.031,-0.026,-0.004,0.015,-0.002,-0.012,0.024
mode_106,-0.001,0.008,0.05,-0.02,-0.023,0.014,-0.014,0.019,0.036
mode_107,0.019,-0.006,-0.002,-0.033,0.06,-0.047,0.01,-0.029,0.01
mode_108,-0.012,0.048,0.031,0.011,-0.036,-0.03,-0.046,-0.026,0.011
mode_109,0.005,-0.029,0.042,-0.03,0.022,-0.014,-0.031,0.034,0.01
mode_110,-0.033,-0.021,0.002,-0.021,-0.016,-0.005,-0.035,-0.01,-0.062
mode_111,0.027,-0.056,0.016,0.006,0.016,0.009,0.029,0.019,0.03
mode_112,-0.034,0.003,-0.027,0.032,-0.006,0.018,-0.011,0.039,0.042
mode_113,0.008,0.011,0.011,-0.022,0.081,-0.035,0.007,-0.002,0.003
mode_114,0.037,-0.002,-0.001,0.037,0.041,-0.009,0.023,0.018,-0.009
mode_115,0.005,-0.03,-0.015,0.031,-0.012,0.016,0.031,-0.019,0.007
mode_116,-0.022,-0.005,-0.014,-0.029,-0.029,0.02,-0.037,0.045,0.074
mode_117,-0.036,0.019,0.034,0.005,-0.002,-0.016,-0.011,0.004,0.002
mode_118,-0.04,-0.005,-0.0,0.011,-0.015,-0.002,-0.006,-0.036,-0.036
mode_119,-0.027,0.045,0.013,0.036,0.024,-0.005,-0.009,0.033,-0.034
mode_120,-0.028,0.027,0.016,0.014,-0.021,-0.049,-0.024,-0.001,0.009
mode_121,-0.029,-0.013,-0.013,-0.001,0.019,0.05,-0.011,-0.012,-0.057
mode_122,-0.02,0.02,0.034,0.018,0.011,0.055,0.009,0.019,0.016
mode_123,-0.007,0.026,-0.066,-0.013,-0.005,0.025,-0.018,-0.069,-0.012
mode_124,0.017,-0.005,0.016,-0.026,0.008,-0.025,0.009,0.019,0.024
mode_125,-0.016,-0.022,-0.042,-0.003,-0.041,0.019,0.013,0.052,0.037
mode_126,0.001,-0.047,0.012,-0.024,0.009,-0.036,0.001,-0.006,-0.021
mode_127,0.041,0.006,0.009,-0.038,-0.037,-0.007,-0.032,-0.006,-0.008
mode_128,0.055,0.009,0.026,0.018,-0.008,-0.027,-0.016,0.032,-0.001
mode_129,-0.06,-0.027,0.052,0.021,0.015,0.017,-0.033,0.003,0.034
mode_130,-0.021,0.004,0.004,-0.036,-0.021,0.006,-0.048,0.036,0.054
mode_131,0.015,0.016,0.011,-0.015,-0.047,0.013,-0.0,-0.032,0.006
mode_132,0.014,0.015,-0.014,-0.015,0.022,-0.016,0.03,-0.034,0.031
mode_133,-0.011,-0.016,-0.001,0.021,0.019,0.004,-0.001,-0.007,-0.052
mode_134,-0.007,0.022,0.026,-0.027,0.007,0.03,0.034,0.003,-0.013
mode_135,-0.008,0.028,0.046,0.02,-0.008,0.022,0.024,0.01,0.021
mode_136,0.043,-0.046,0.006,0.004,0.015,0.04,-0.013,0.007,-0.006
mode_137,0.043,-0.027,-0.021,0.001,0.022,0.036,-0.005,0.04,0.008
mode_138,-0.046,0.041,-0.015,0.002,0.003,-0.029,-0.023,0.04,-0.008
mode_139,-0.031,0.019,0.028,-0.016,0.013,-0.003,0.032,0.018,-0.017
mode_140,0.017,0.023,0.026,-0.028,-0.021,0.016,0.024,0.008,0.021
mode_141,-0.032,0.041,-0.009,-0.037,0.022,-0.028,0.003,-0.007,-0.01
mode_142,-0.002,0.004,0.003,-0.045,0.01,-0.024,-0.011,0.02,-0.029
mode_143,-0.02,0.012,0.006,-0.006,0.023,0.042,0.031,0.066,0.01
mode_144,-0.037,-0.022,-0.03,0.006,-0.039,0.026,0.01,0.022,-0.011
mode_145,0.006,0.019,0.048,-0.002,-0.027,-0.03,0.029,0.008,0.04
mode_146,0.001,0.022,0.016,-0.0,-0.014,0.001,0.024,0.005,-0.055
mode_147,-0.021,-0.022,-0.02,0.013,0.01,-0.011,0.005,0.065,0.045
mode_148,-0.02,0.022,0.018,-0.001,0.003,-0.001,-0.028,0.019,0.013
mode_149,0.011,-0.03,0.001,-0.078,0.01,-0.008,-0.035,-0.013,-0.022
mode_150,0.05,-0.015,-0.004,0.033,-0.014,0.023,-0.002,0.015,-0.003
mode_151,0.031,-0.042,-0.014,0.019,-0.04,0.011,0.021,0.017,-0.021
mode_152,0.019,-0.015,-0.029,-0.0,0.044,-0.028,0.016,0.043,-0.008
mode_153,-0.026,-0.018,-0.038,-0.007,-0.031,-0.01,0.004,-0.018,0.037
mode_154,-0.01,0.05,-0.036,0.005,0.004,-0.03,-0.015,0.054,-0.023
mode_155,0.053,-0.003,0.005,0.032,0.032,0.017,-0.005,-0.01,-0.009
mode_156,-0.015,0.02,0.029,-0.019,-0.037,0.001,0.049,-0.003,-0.014
mode_157,0.039,-0.058,0.018,-0.016,0.039,-0.002,0.01,0.025,0.001
mode_158,0.02,-0.022,-0.011,-0.039,-0.009,0.017,0.016,0.003,0.037
mode_159,0.022,0.009,0.036,-0.004,-0.033,0.007,0.037,0.049,0.008
mode_160,-0.015,0.022,-0.032,-0.001,-0.025,0.027,0.014,0.04,0.044
mode_161,-0.002,0.017,0.028,0.029,-0.008,0.046,0.028,-0.013,0.028
mode_162,-0.033,-0.015,-0.007,0.014,-0.034,0.011,-0.003,-0.002,-0.003
mode_163,-0.04,-0.032,0.028,-0.018,0.031,-0.002,0.012,0.013,-0.041
mode_164,0.052,-0.005,0.015,0.006,0.023,0.012,-0.045,0.003,0.015
mode_165,-0.018,0.028,0.021,-0.014,0.001,0.03,0.032,0.01,-0.038
mode_166,-0.04,-0.024,0.024,-0.032,-0.004,-0.013,0.046,-0.048,0.008
mode_167,-0.005,0.04,0.017,0.015,-0.05,-0.01,-0.067,-0.023,0.009
mode_168,-0.027,-0.052,0.015,-0.03,0.022,0.009,-0.018,0.082,0.018
mode_169,0.022,0.017,0.018,-0.0,-0.017,0.017,0.011,0.027,-0.074
mode_170,-0.008,0.026,0.017,-0.016,-0.012,-0.013,0.051,-0.026,0.034
mode_171,0.025,-0.001,-0.043,-0.003,-0.023,-0.029,0.011,-0.032,0.025
mode_172,0.037,0.013,0.019,-0.014,-0.037,0.01,-0.031,0.014,-0.018
mode_173,0.044,-0.008,-0.004,0.035,0.021,0.033,0.003,0.001,0.025
mode_174,-0.045,0.01,0.026,0.01,0.028,0.012,-0.019,-0.012,0.023
mode_175,-0.021,-0.041,-0.032,0.013,-0.026,0.041,-0.008,-0.011,-0.001
mode_176,-0.001,0.013,-0.038,-0.022,0.034,-0.008,-0.006,0.045,0.028
mode_177,0.018,0.018,0.012,0.001,0.05,-0.061,0.014,-0.037,-0.008
mode_178,0.063,0.003,-0.001,-0.022,0.007,0.013,-0.028,-0.02,0.006
mode_179,-0.018,0.005,0.013,0.035,0.051,-0.025,-0.022,0.054,-0.017
mode_180,0.018,0.02,0.007,-0.043,-0.003,-0.017,-0.047,0.044,0.024
mode_181,-0.04,-0.001,0.05,0.03,-0.001,-0.031,-0.038,0.006,-0.005
mode_182,0.001,0.0,-0.021,0.003,0.056,-0.063,0.045,-0.02,0.04
mode_183,-0.018,-0.005,-0.007,0.012,0.022,0.001,0.001,-0.022,-0.014
mode_184,0.05,-0.003,0.015,-0.033,-0.027,-0.006,-0.021,0.012,0.001
mode_185,0.007,-0.024,0.007,0.011,-0.048,-0.0,0.02,-0.041,0.035
mode_186,-0.053,0.015,0.016,-0.01,-0.009,-0.002,-0.007,0.017,0.025
mode_187,-0.006,0.023,0.026,-0.03,-0.031,-0.018,0.055,-0.006,0.012
mode_188,0.002,0.05,-0.022,-0.014,-0.015,-0.005,0.039,-0.006,0.006
mode_189,-0.024,-0.032,-0.018,-0.031,0.04,-0.026,0.038,-0.022,-0.021
mode_190,-0.014,0.001,-0.054,0.018,0.01,0.02,0.002,0.053,0.018
mode_191,-0.033,-0.018,0.049,0.036,-0.016,0.011,0.039,0.009,0.017
mode_192,0.032,-0.011,0.012,-0.041,-0.025,-0.011,-0.019,-0.009,-0.026
mode_193,-0.055,-0.032,0.053,-0.008,0.002,0.005,-0.037,-0.033,0.006
mode_194,-0.012,0.039,0.014,-0.015,0.015,-0.049,-0.027,0.011,0.0
mode_195,0.006,0.024,-0.005,0.004,0.029,0.079,0.014,-0.002,-0.0
mode_196,-0.021,-0.036,-0.059,-0.065,0.013,0.002,0.017,0.021,0.023
mode_197,-0.009,0.057,-0.054,-0.014,0.006,0.008,-0.006,0.051,0.032
mode_198,0.025,0.069,-0.016,0.03,0.032,-0.011,-0.033,0.021,0.032
mode_199,0.027,-0.023,-0.009,0.064,-0.011,-0.006,0.011,0.023,-0.063
